nm,R
350,0.4725492
360,0.8136537
370,0.9279789
380,0.9519368
390,0.9559342
400,0.9569456
410,0.9580474
420,0.9585333
430,0.9596318
440,0.9609087
450,0.9647879
460,0.970925
470,0.9758958
480,0.978139
490,0.9784624
500,0.9786516
510,0.9773736
520,0.9760194
530,0.9741424
540,0.9720736
550,0.9689902
560,0.9662766
570,0.9629767
580,0.9599789
590,0.9581166
600,0.9573385
610,0.9577855
620,0.959948
630,0.9624107
640,0.965128
650,0.9674629
660,0.9702431
670,0.9721084
680,0.9740211
690,0.9754714
700,0.976914
710,0.9777629
720,0.9787195
730,0.9794031
740,0.9804766
750,0.9812633
760,0.9814156
770,0.9819912
780,0.9822209
790,0.9827613
800,0.9830511
810,0.983178
820,0.9834468
830,0.983548
840,0.9837939
850,0.98354
860,0.9838661
870,0.984503
880,0.9849039
890,0.9835817
900,0.9836933
910,0.9843189
920,0.9834256
930,0.9832362
940,0.9832398
950,0.9826347
960,0.9827149
970,0.9826216
980,0.9824268
990,0.9819235
1000,0.9817317
1010,0.9819258
1020,0.9816829
1030,0.981526
1040,0.9815704
1050,0.9812869
1060,0.9809951
1070,0.9806535
1080,0.9804076
1090,0.9802442
1100,0.979836
1110,0.9802594
1120,0.9800969
1130,0.979457
1140,0.9794496
1150,0.9795262
1160,0.979096
1170,0.9787296
1180,0.9786092
1190,0.9786164
1200,0.977658
1210,0.9772644
1220,0.9771242
1230,0.9765793
1240,0.9765883
1250,0.9763138
1260,0.9763444
1270,0.9760412
1280,0.9757046
1290,0.9752484
1300,0.9750892
1310,0.9747703
1320,0.9744102
1330,0.9737884
1340,0.973674
1350,0.9734256
1360,0.9730325
1370,0.9724493
1380,0.9723079
1390,0.9720427
1400,0.9721742
1410,0.971082
1420,0.9708175
1430,0.9711641
1440,0.9710146
1450,0.970451
1460,0.9698151
1470,0.9696668
1480,0.9689229
1490,0.9688855
1500,0.9688684
1510,0.9686502
1520,0.9683839
1530,0.9679358
1540,0.9678112
1550,0.9675467
1560,0.9669447
1570,0.9669093
1580,0.9665531
1590,0.9666493
1600,0.9663469
1610,0.9666383
1620,0.9667599
1630,0.966927
1640,0.9667167
1650,0.9670087
1660,0.9673709
1670,0.9676169
1680,0.9672419
1690,0.96763
1700,0.9681468
1710,0.9673566
1720,0.9670616
1730,0.967362
1740,0.9669616
1750,0.9663241
1760,0.9667876
1770,0.9672239
1780,0.9663945
1790,0.9669399
1800,0.9668693
1810,0.9671364
1820,0.9670393
1830,0.9677498
1840,0.967849
1850,0.9676414
1860,0.9680853
1870,0.9680743
1880,0.9692372
1890,0.9690172
1900,0.9697806
1910,0.9700941
1920,0.9708767
1930,0.9711424
1940,0.9711534
1950,0.9711495
1960,0.9712472
1970,0.971689
1980,0.9717766
1990,0.9720361
1999.79,0.9751515
2000,0.9721012
2007.51,0.9724317
2015.24,0.9724247
2022.96,0.9727212
2030.68,0.9729222
2038.4,0.9727522
2046.12,0.9731057
2053.84,0.9732177
2061.56,0.9733257
2069.28,0.9736252
2077.01,0.9738767
2084.73,0.9739382
2092.45,0.9742032
2100.17,0.9742437
2107.89,0.9742717
2115.61,0.9744312
2123.33,0.9744817
2131.05,0.9745697
2138.78,0.9745597
2146.5,0.9749967
2154.22,0.9750432
2161.94,0.9752807
2169.66,0.9754422
2177.38,0.9756227
2185.1,0.9758462
2192.82,0.9758512
2200.55,0.9759627
2208.27,0.9761467
2215.99,0.9763437
2223.71,0.9765742
2231.43,0.9764527
2239.15,0.9765112
2246.87,0.9767062
2254.59,0.9769157
2262.31,0.9769802
2270.04,0.9770332
2277.76,0.9771772
2285.48,0.9773212
2293.2,0.9774652
2300.92,0.9774772
2308.64,0.9772277
2316.36,0.9775762
2324.08,0.9778332
2331.81,0.9778572
2339.53,0.9779632
2347.25,0.9782052
2354.97,0.9783057
2362.69,0.9785292
2370.41,0.9784272
2378.13,0.9784727
2385.85,0.9786807
2393.58,0.9787907
2401.3,0.9788767
2409.02,0.9790207
2416.74,0.9791532
2424.46,0.9792272
2432.18,0.9792207
2439.9,0.9792102
2447.62,0.9792782
2455.35,0.9795652
2463.07,0.9795622
2470.79,0.9795512
2478.51,0.9797577
2486.23,0.9797317
2493.95,0.9797017
2501.67,0.9798527
2509.39,0.9799542
2517.11,0.9799132
2524.84,0.9799177
2532.56,0.9799847
2540.28,0.9802657
2548,0.9800177
2555.72,0.9798922
2563.44,0.9792492
2571.16,0.9799467
2578.88,0.9798302
2586.61,0.9795222
2594.33,0.9808957
2602.05,0.9807257
2609.77,0.9797017
2617.49,0.9800562
2625.21,0.9811837
2632.93,0.9798102
2640.65,0.9810452
2648.38,0.9805107
2656.1,0.9805827
2663.82,0.9810042
2671.54,0.9796742
2679.26,0.9804507
2686.98,0.9815287
2694.7,0.9810317
2702.42,0.9814362
2710.15,0.9808337
2717.87,0.9810527
2725.59,0.9791047
2733.31,0.9807027
2741.03,0.9786337
2748.75,0.9807102
2756.47,0.9799557
2764.19,0.9801287
2771.91,0.9800837
2779.64,0.9808517
2787.36,0.9804837
2795.08,0.9806577
2802.8,0.9807377
2810.52,0.9808497
2818.24,0.9809257
2825.96,0.9810057
2833.68,0.9810752
2841.41,0.9809702
2849.13,0.9812352
2856.85,0.9812072
2864.57,0.9815992
2872.29,0.9817507
2880.01,0.9818347
2887.73,0.9818132
2895.45,0.9820342
2903.18,0.9819707
2910.9,0.9821142
2918.62,0.9822962
2926.34,0.9823312
2934.06,0.9822942
2941.78,0.9823332
2949.5,0.9824787
2957.22,0.9825682
2964.95,0.9826572
2972.67,0.9826302
2980.39,0.9828677
2988.11,0.9828797
2995.83,0.9828967
3003.55,0.9830142
3011.27,0.9829717
3018.99,0.9830887
3026.71,0.9828932
3034.44,0.9830152
3042.16,0.9829682
3049.88,0.9829712
3057.6,0.9828432
3065.32,0.9830107
3073.04,0.9830947
3080.76,0.9830507
3088.48,0.9830242
3096.21,0.9830852
3103.93,0.9831672
3111.65,0.9831487
3119.37,0.9831202
3127.09,0.9833377
3134.81,0.9833222
3142.53,0.9834222
3150.25,0.9835072
3157.98,0.9835132
3165.7,0.9836592
3173.42,0.9836292
3181.14,0.9838077
3188.86,0.9839102
3196.58,0.9838707
3204.3,0.9839497
3212.02,0.9840707
3219.75,0.9841722
3227.47,0.9842442
3235.19,0.9842452
3242.91,0.9843237
3250.63,0.9843247
3258.35,0.9843952
3266.07,0.9844932
3273.79,0.9844617
3281.51,0.9844532
3289.24,0.9846117
3296.96,0.9846922
3304.68,0.9847697
3312.4,0.9849587
3320.12,0.9848847
3327.84,0.9853542
3335.56,0.9857237
3343.28,0.9859732
3351.01,0.9863587
3358.73,0.9866302
3366.45,0.9866422
3374.17,0.9865552
3381.89,0.9863592
3389.61,0.9861802
3397.33,0.9860412
3405.05,0.9860162
3412.78,0.9858362
3420.5,0.9858837
3428.22,0.9859137
3435.94,0.9861592
3443.66,0.9862437
3451.38,0.9863177
3459.1,0.9864922
3466.82,0.9865232
3474.55,0.9863742
3482.27,0.9863397
3489.99,0.9863347
3497.71,0.9861982
3505.43,0.9862197
3513.15,0.9861197
3520.87,0.9860792
3528.59,0.9861992
3536.31,0.9862422
3544.04,0.9863017
3551.76,0.9863562
3559.48,0.9863947
3567.2,0.9864767
3574.92,0.9864202
3582.64,0.9864677
3590.36,0.9864847
3598.08,0.9864282
3605.81,0.9864137
3613.53,0.9864797
3621.25,0.9865627
3628.97,0.9866472
3636.69,0.9867667
3644.41,0.9868137
3652.13,0.9868842
3659.85,0.9869772
3667.58,0.9869382
3675.3,0.9869967
3683.02,0.9869782
3690.74,0.9869337
3698.46,0.9869537
3706.18,0.9870887
3713.9,0.9871437
3721.62,0.9871137
3729.35,0.9870837
3737.07,0.9870987
3744.79,0.9872087
3752.51,0.9872737
3760.23,0.9872987
3767.95,0.9872787
3775.67,0.9873287
3783.39,0.9872637
3791.11,0.9872887
3798.84,0.9872887
3806.56,0.9873237
3814.28,0.9873187
3822,0.9874537
3829.72,0.9875137
3837.44,0.9875187
3845.16,0.9874837
3852.88,0.9874637
3860.61,0.9874387
3868.33,0.9874537
3876.05,0.9874987
3883.77,0.9875987
3891.49,0.9875337
3899.21,0.9874637
3906.93,0.9874587
3914.65,0.9874187
3922.38,0.9873437
3930.1,0.9873537
3937.82,0.9873087
3945.54,0.9873237
3953.26,0.9873087
3960.98,0.9873887
3968.7,0.9874237
3976.42,0.9874187
3984.15,0.9873787
3991.87,0.9873487
3999.59,0.9872587
4007.31,0.9873237
4015.03,0.9872587
4022.75,0.9872837
4030.47,0.9871787
4038.19,0.9871887
4045.91,0.9873137
4053.64,0.9873337
4061.36,0.9873787
4069.08,0.9874037
4076.8,0.9875137
4084.52,0.9875987
4092.24,0.9876087
4099.96,0.9875437
4107.68,0.9875637
4115.41,0.9874837
4123.13,0.9874137
4130.85,0.9874437
4138.57,0.9874587
4146.29,0.9874337
4154.01,0.9874037
4161.73,0.9874237
4169.45,0.9874237
4177.18,0.9873937
4184.9,0.9876737
4192.62,0.9887637
4200.34,0.9914887
4208.06,0.9955587
4215.78,0.9951146
4223.5,0.9939653
4231.22,0.9918451
4238.95,0.9930226
4246.67,0.9934392
4254.39,0.9926692
4262.11,0.9941407
4269.83,0.994714
4277.55,0.9908271
4285.27,0.992185
4292.99,0.9942431
4300.71,0.9943794
4308.44,0.9949
4316.16,0.9933331
4323.88,0.9941537
4331.6,0.9927487
4339.32,0.9914837
4347.04,0.9906787
4354.76,0.9899137
4362.48,0.9892837
4370.21,0.9887087
4377.93,0.9883187
4385.65,0.9883637
4393.37,0.9883837
4401.09,0.9884537
4408.81,0.9884837
4416.53,0.9884037
4424.25,0.9882887
4431.98,0.9881187
4439.7,0.9879987
4447.42,0.9879287
4455.14,0.9878987
4462.86,0.9878937
4470.58,0.9878787
4478.3,0.9878687
4486.02,0.9878837
4493.75,0.9879237
4501.47,0.9879887
4509.19,0.9879937
4516.91,0.9880287
4524.63,0.9880187
4532.35,0.9879837
4540.07,0.9880037
4547.79,0.9879787
4555.51,0.9878987
4563.24,0.9878787
4570.96,0.9878537
4578.68,0.9878337
4586.4,0.9878487
4594.12,0.9878887
4601.84,0.9878287
4609.56,0.9877687
4617.28,0.9877887
4625.01,0.9878887
4632.73,0.9879487
4640.45,0.9879437
4648.17,0.9879137
4655.89,0.9879137
4663.61,0.9879187
4671.33,0.9879587
4679.05,0.9879687
4686.78,0.9878887
4694.5,0.9879237
4702.22,0.9879987
4709.94,0.9879037
4717.66,0.9877837
4725.38,0.9877437
4733.1,0.9877387
4740.82,0.9877087
4748.55,0.9876287
4756.27,0.9875737
4763.99,0.9876037
4771.71,0.9876287
4779.43,0.9876237
4787.15,0.9876387
4794.87,0.9876587
4802.59,0.9876787
4810.31,0.9876587
4818.04,0.9876187
4825.76,0.9875187
4833.48,0.9874637
4841.2,0.9874837
4848.92,0.9874037
4856.64,0.9872787
4864.36,0.9871787
4872.08,0.9871237
4879.81,0.9870687
4887.53,0.9869537
4895.25,0.9868137
4902.97,0.9867687
4910.69,0.9868087
4918.41,0.9867837
4926.13,0.9866887
4933.85,0.9866437
4941.58,0.9866537
4949.3,0.9866487
4957.02,0.9865487
4964.74,0.9864387
4972.46,0.9864237
4980.18,0.9864437
4987.9,0.9864237
4995.62,0.9863387
5003.35,0.9862837
5011.07,0.9862587
5018.79,0.9861337
5026.51,0.9859687
5034.23,0.9859937
5041.95,0.9860387
5049.67,0.9859687
5057.39,0.9859087
5065.11,0.9859137
5072.84,0.9859237
5080.56,0.9858367
5088.28,0.9857512
5096,0.9857802
5103.72,0.9857632
5111.44,0.9857672
5119.16,0.9857432
5126.88,0.9856917
5134.61,0.9856662
5142.33,0.9856077
5150.05,0.9854537
5157.77,0.9855077
5165.49,0.9856337
5173.21,0.9855767
5180.93,0.9855447
5188.65,0.9856027
5196.38,0.9855212
5204.1,0.9853502
5211.82,0.9852342
5219.54,0.9851367
5227.26,0.9852252
5234.98,0.9852257
5242.7,0.9851647
5250.42,0.9852092
5258.14,0.9852287
5265.87,0.9852392
5273.59,0.9851792
5281.31,0.9850332
5289.03,0.9849122
5296.75,0.9847932
5304.47,0.9848572
5312.19,0.9849047
5319.91,0.9848842
5327.64,0.9848527
5335.36,0.9847877
5343.08,0.9846422
5350.8,0.9842302
5358.52,0.9840367
5366.24,0.9843147
5373.96,0.9845117
5381.68,0.9845377
5389.41,0.9845467
5397.13,0.9845512
5404.85,0.9845587
5412.57,0.9845497
5420.29,0.9842982
5428.01,0.9840432
5435.73,0.9842477
5443.45,0.9845037
5451.18,0.9846307
5458.9,0.9846032
5466.62,0.9842977
5474.34,0.9841552
5482.06,0.9842217
5489.78,0.9844422
5497.5,0.9847062
5505.22,0.9847967
5512.94,0.9847537
5520.67,0.9845747
5528.39,0.9844432
5536.11,0.9846452
5543.83,0.9847912
5551.55,0.9846242
5559.27,0.9844672
5566.99,0.9846192
5574.71,0.9846732
5582.44,0.9844292
5590.16,0.9845552
5597.88,0.9848972
5605.6,0.9850407
5613.32,0.9851017
5621.04,0.9852137
5628.76,0.9853717
5636.48,0.9852862
5644.21,0.9847512
5651.93,0.9845927
5659.65,0.9849757
5667.37,0.9854082
5675.09,0.9854292
5682.81,0.9852912
5690.53,0.9853367
5698.25,0.9855037
5705.98,0.9854757
5713.7,0.9850237
5721.42,0.9846917
5729.14,0.9849237
5736.86,0.9853032
5744.58,0.9854132
5752.3,0.9854552
5760.02,0.9854387
5767.74,0.9849077
5775.47,0.9845492
5783.19,0.9849507
5790.91,0.9854247
5798.63,0.9856942
5806.35,0.9858822
5814.07,0.9858447
5821.79,0.9851242
5829.51,0.9844102
5837.24,0.9845917
5844.96,0.9851642
5852.68,0.9854887
5860.4,0.9853587
5868.12,0.9852087
5875.84,0.9850657
5883.56,0.9845432
5891.28,0.9840687
5899.01,0.9841492
5906.73,0.9846227
5914.45,0.9850557
5922.17,0.9852167
5929.89,0.9849652
5937.61,0.9841217
5945.33,0.9836132
5953.05,0.9841262
5960.78,0.9847332
5968.5,0.9847482
5976.22,0.9844997
5983.94,0.9842927
5991.66,0.9840937
5999.38,0.9842292
6007.1,0.9846037
6014.82,0.9846907
6022.54,0.9846442
6030.27,0.9849442
6037.99,0.9851962
6045.71,0.9846367
6053.43,0.9836562
6061.15,0.9835312
6068.87,0.9837307
6076.59,0.9837377
6084.31,0.9840762
6092.04,0.9847162
6099.76,0.9851577
6107.48,0.9850327
6115.2,0.9844002
6122.92,0.9843272
6130.64,0.9848382
6138.36,0.9851682
6146.08,0.9851317
6153.81,0.9849447
6161.53,0.9847792
6169.25,0.9848137
6176.97,0.9849417
6184.69,0.9848567
6192.41,0.9847902
6200.13,0.9850207
6207.85,0.9852292
6215.58,0.9852047
6223.3,0.9851547
6231.02,0.9852407
6238.74,0.9853807
6246.46,0.9854802
6254.18,0.9855202
6261.9,0.9854772
6269.62,0.9854082
6277.34,0.9854207
6285.07,0.9855337
6292.79,0.9856487
6300.51,0.9857452
6308.23,0.9858182
6315.95,0.9858732
6323.67,0.9859587
6331.39,0.9859987
6339.11,0.9857217
6346.84,0.9852342
6354.56,0.9852032
6362.28,0.9854922
6370,0.9854912
6377.72,0.9852852
6385.44,0.9853477
6393.16,0.9856657
6400.88,0.9859247
6408.61,0.9854797
6416.33,0.9841497
6424.05,0.9835412
6431.77,0.9839777
6439.49,0.9846057
6447.21,0.9850157
6454.93,0.9852792
6462.65,0.9854647
6470.38,0.9854977
6478.1,0.9852437
6485.82,0.9846317
6493.54,0.9840022
6501.26,0.9839317
6508.98,0.9844242
6516.7,0.9848807
6524.42,0.9850392
6532.14,0.9851492
6539.87,0.9853667
6547.59,0.9854732
6555.31,0.9853767
6563.03,0.9850907
6570.75,0.9845807
6578.47,0.9840947
6586.19,0.9839282
6593.91,0.9840792
6601.64,0.9844452
6609.36,0.9848727
6617.08,0.9851602
6624.8,0.9850597
6632.52,0.9844467
6640.24,0.9837227
6647.96,0.9838607
6655.68,0.9845952
6663.41,0.9851302
6671.13,0.9852147
6678.85,0.9850122
6686.57,0.9849042
6694.29,0.9850262
6702.01,0.9851382
6709.73,0.9849662
6717.45,0.9845882
6725.18,0.9845767
6732.9,0.9849602
6740.62,0.9853547
6748.34,0.9856052
6756.06,0.9857137
6763.78,0.9857082
6771.5,0.9855837
6779.22,0.9852997
6786.94,0.9849127
6794.67,0.9847992
6802.39,0.9850682
6810.11,0.9854397
6817.83,0.9856507
6825.55,0.9856387
6833.27,0.9855612
6840.99,0.9856822
6848.71,0.9858107
6856.44,0.9854892
6864.16,0.9848992
6871.88,0.9845412
6879.6,0.9846612
6887.32,0.9850437
6895.04,0.9852772
6902.76,0.9852447
6910.48,0.9851552
6918.21,0.9851217
6925.93,0.9851752
6933.65,0.9852887
6941.37,0.9854032
6949.09,0.9853807
6956.81,0.9851437
6964.53,0.9848467
6972.25,0.9846532
6979.98,0.9846437
6987.7,0.9846457
6995.42,0.9845622
7003.14,0.9845247
7010.86,0.9845552
7018.58,0.9846377
7026.3,0.9847097
7034.02,0.9846402
7041.74,0.9843487
7049.47,0.9839862
7057.19,0.9837487
7064.91,0.9838342
7072.63,0.9841242
7080.35,0.9843292
7088.07,0.9844482
7095.79,0.9844937
7103.51,0.9844842
7111.24,0.9843822
7118.96,0.9842752
7126.68,0.9842007
7134.4,0.9841587
7142.12,0.9841027
7149.84,0.9839887
7157.56,0.9839012
7165.28,0.9838707
7173.01,0.9838917
7180.73,0.9839817
7188.45,0.9840847
7196.17,0.9841382
7203.89,0.9841172
7211.61,0.9840067
7219.33,0.9839462
7227.05,0.9839497
7234.78,0.9839727
7242.5,0.9839812
7250.22,0.9839112
7257.94,0.9837557
7265.66,0.9835342
7273.38,0.9832587
7281.1,0.9830337
7288.82,0.9829072
7296.54,0.9828167
7304.27,0.9827207
7311.99,0.9825752
7319.71,0.9823932
7327.43,0.9821722
7335.15,0.9819032
7342.87,0.9816267
7350.59,0.9814442
7358.31,0.9813152
7366.04,0.9812167
7373.76,0.9810502
7381.48,0.9808412
7389.2,0.9806102
7396.92,0.9803732
7404.64,0.9801387
7412.36,0.9799152
7420.08,0.9797047
7427.81,0.9795192
7435.53,0.9793187
7443.25,0.9790597
7450.97,0.9787257
7458.69,0.9782647
7466.41,0.9778162
7474.13,0.9774202
7481.85,0.9771332
7489.58,0.9769042
7497.3,0.9766462
7505.02,0.9763432
7512.74,0.9759532
7520.46,0.9755142
7528.18,0.9750407
7535.9,0.9745322
7543.62,0.9740192
7551.34,0.9735087
7559.07,0.9730032
7566.79,0.9724207
7574.51,0.9717397
7582.23,0.9709712
7589.95,0.9701082
7597.67,0.9692552
7605.39,0.9684112
7613.11,0.9675807
7620.84,0.9666912
7628.56,0.9657317
7636.28,0.9646767
7644,0.9634562
7651.72,0.9621552
7659.44,0.9607762
7667.16,0.9592847
7674.88,0.9577247
7682.61,0.9560932
7690.33,0.9542717
7698.05,0.9522812
7705.77,0.9501372
7713.49,0.9476932
7721.21,0.9450542
7728.93,0.9422517
7736.65,0.9391517
7744.38,0.9358002
7752.1,0.9322437
7759.82,0.9282882
7767.54,0.9239867
7775.26,0.9194007
7782.98,0.9142057
7790.7,0.9085082
7798.42,0.9024092
7806.14,0.8954992
7813.87,0.8880727
7821.59,0.8802217
7829.31,0.8714952
7837.03,0.8622887
7844.75,0.8526387
7852.47,0.8420412
7860.19,0.8310257
7867.91,0.8195017
7875.64,0.8072817
7883.36,0.7948102
7891.08,0.7820037
7898.8,0.7690172
7906.52,0.7560192
7914.24,0.7430922
7921.96,0.7304382
7929.68,0.7180087
7937.41,0.7062747
7945.13,0.6952037
7952.85,0.6847087
7960.57,0.6756257
7968.29,0.6671882
7976.01,0.6597082
7983.73,0.6534492
7991.45,0.6478272
7999.18,0.6434502
8006.9,0.6399672
8014.62,0.6370792
8022.34,0.6355302
8030.06,0.6344452
8037.78,0.6340752
8045.5,0.6345057
8053.22,0.6353062
8060.94,0.6368492
8068.67,0.6387942
8076.39,0.6410782
8084.11,0.6439007
8091.83,0.6468962
8099.55,0.6502107
8107.27,0.6537432
8114.99,0.6573922
8122.71,0.6612877
8130.44,0.6652312
8138.16,0.6692687
8145.88,0.6733647
8153.6,0.6774852
8161.32,0.6816802
8169.04,0.6858817
8176.76,0.6901007
8184.48,0.6942667
8192.21,0.6984017
8199.93,0.7024207
8207.65,0.7063992
8215.37,0.7103112
8223.09,0.7141467
8230.81,0.7179427
8238.53,0.7216067
8246.25,0.7252287
8253.98,0.7287647
8261.7,0.7322342
8269.42,0.7356562
8277.14,0.7389802
8284.86,0.7422657
8292.58,0.7454532
8300.3,0.7485767
8308.02,0.7516292
8315.74,0.7545982
8323.47,0.7575342
8331.19,0.7603922
8338.91,0.7632242
8346.63,0.7659972
8354.35,0.7687152
8362.07,0.7713842
8369.79,0.7739712
8377.51,0.7765287
8385.24,0.7789952
8392.96,0.7814347
8400.68,0.7838132
8408.4,0.7861497
8416.12,0.7884497
8423.84,0.7907007
8431.56,0.7929342
8439.28,0.7951172
8447.01,0.7972862
8454.73,0.7994137
8462.45,0.8015162
8470.17,0.8035857
8477.89,0.8056242
8485.61,0.8076432
8493.33,0.8096287
8501.05,0.8116027
8508.78,0.8135257
8516.5,0.8154327
8524.22,0.8172947
8531.94,0.8191482
8539.66,0.8209897
8547.38,0.8228437
8555.1,0.8247047
8562.82,0.8265627
8570.54,0.8284177
8578.27,0.8302267
8585.99,0.8320262
8593.71,0.8337867
8601.43,0.8355437
8609.15,0.8372967
8616.87,0.8390482
8624.59,0.8407992
8632.31,0.8425357
8640.04,0.8442602
8647.76,0.8459627
8655.48,0.8476532
8663.2,0.8493177
8670.92,0.8509737
8678.64,0.8525992
8686.36,0.8542207
8694.08,0.8558392
8701.81,0.8574632
8709.53,0.8591232
8717.25,0.8607977
8724.97,0.8625107
8732.69,0.8642297
8740.41,0.8659602
8748.13,0.8676872
8755.85,0.8694107
8763.57,0.8711367
8771.3,0.8728642
8779.02,0.8745902
8786.74,0.8763147
8794.46,0.8780217
8802.18,0.8797202
8809.9,0.8814222
8817.62,0.8831222
8825.34,0.8848687
8833.07,0.8866207
8840.79,0.8884277
8848.51,0.8902377
8856.23,0.8921002
8863.95,0.8939632
8871.67,0.8958827
8879.39,0.8977997
8887.11,0.8997442
8894.84,0.9016852
8902.56,0.9036257
8910.28,0.9055637
8918,0.9075092
8925.72,0.9094527
8933.44,0.9114047
8941.16,0.9133492
8948.88,0.9152597
8956.61,0.9171597
8964.33,0.9189862
8972.05,0.9208012
8979.77,0.9225247
8987.49,0.9242357
8995.21,0.9258212
9002.93,0.9273947
9010.65,0.9288032
9018.37,0.9302042
9026.1,0.9314267
9033.82,0.9326472
9041.54,0.9336737
9049.26,0.9346957
9056.98,0.9355042
9064.7,0.9362982
9072.42,0.9368927
9080.14,0.9374632
9087.87,0.9378652
9095.59,0.9382347
9103.31,0.9384532
9111.03,0.9386282
9118.75,0.9386997
9126.47,0.9387287
9134.19,0.9387112
9141.91,0.9386662
9149.64,0.9385727
9157.36,0.9384377
9165.08,0.9382412
9172.8,0.9379687
9180.52,0.9376652
9188.24,0.9373032
9195.96,0.9369442
9203.68,0.9365927
9211.41,0.9362452
9219.13,0.9359247
9226.85,0.9356052
9234.57,0.9352502
9242.29,0.9348957
9250.01,0.9344892
9257.73,0.9340757
9265.45,0.9336617
9273.17,0.9332482
9280.9,0.9328612
9288.62,0.9324922
9296.34,0.9321427
9304.06,0.9318182
9311.78,0.9314962
9319.5,0.9311827
9327.22,0.9308647
9334.94,0.9305057
9342.67,0.9301472
9350.39,0.9297502
9358.11,0.9293512
9365.83,0.9289827
9373.55,0.9286257
9381.27,0.9283132
9388.99,0.9280367
9396.71,0.9277847
9404.44,0.9275772
9412.16,0.9273797
9419.88,0.9272342
9427.6,0.9270902
9435.32,0.9269557
9443.04,0.9268222
9450.76,0.9266447
9458.48,0.9264487
9466.21,0.9262392
9473.93,0.9260152
9481.65,0.9258137
9489.37,0.9256852
9497.09,0.9255557
9504.81,0.9255432
9512.53,0.9255317
9520.25,0.9255262
9527.97,0.9255222
9535.7,0.9254962
9543.42,0.9254442
9551.14,0.9253977
9558.86,0.9253727
9566.58,0.9253472
9574.3,0.9254132
9582.02,0.9254877
9589.74,0.9256227
9597.47,0.9257942
9605.19,0.9259807
9612.91,0.9261987
9620.63,0.9264162
9628.35,0.9266252
9636.07,0.9268332
9643.79,0.9270182
9651.51,0.9271932
9659.24,0.9273727
9666.96,0.9275602
9674.68,0.9277507
9682.4,0.9280237
9690.12,0.9282967
9697.84,0.9286367
9705.56,0.9290062
9713.28,0.9293917
9721.01,0.9298092
9728.73,0.9302257
9736.45,0.9306727
9744.17,0.9311197
9751.89,0.9315907
9759.61,0.9320757
9767.33,0.9325637
9775.05,0.9330607
9782.77,0.9335562
9790.5,0.9340402
9798.22,0.9345212
9805.94,0.9350057
9813.66,0.9354947
9821.38,0.9359847
9829.1,0.9365082
9836.82,0.9370317
9844.54,0.9375692
9852.27,0.9381152
9859.99,0.9386572
9867.71,0.9391882
9875.43,0.9397182
9883.15,0.9402077
9890.87,0.9406847
9898.59,0.9411382
9906.31,0.9415462
9914.04,0.9419532
9921.76,0.9423187
9929.48,0.9426782
9937.2,0.9430297
9944.92,0.9433692
9952.64,0.9437087
9960.36,0.9440212
9968.08,0.9443327
9975.81,0.9446172
9983.53,0.9448747
9991.25,0.9451307
9998.97,0.9453427
10006.7,0.9455537
10014.4,0.9457587
10022.1,0.9459567
10029.9,0.9461547
10037.6,0.9463217
10045.3,0.9464877
10053,0.9466082
10060.7,0.9466767
10068.5,0.9467452
10076.2,0.9466957
10083.9,0.9466392
10091.6,0.9465407
10099.3,0.9463827
10107.1,0.9462237
10114.8,0.9459972
10122.5,0.9457597
10130.2,0.9455047
10138,0.9452097
10145.7,0.9449147
10153.4,0.9445962
10161.1,0.9442687
10168.8,0.9439387
10176.6,0.9435937
10184.3,0.9432487
10192,0.9428952
10199.7,0.9425352
10207.4,0.9421752
10215.2,0.9417912
10222.9,0.9414067
10230.6,0.9410072
10238.3,0.9405822
10246,0.9401577
10253.8,0.9397027
10261.5,0.9392382
10269.2,0.9387732
10276.9,0.9382977
10284.7,0.9378227
10292.4,0.9373572
10300.1,0.9369007
10307.8,0.9364457
10315.5,0.9360142
10323.3,0.9355877
10331,0.9351672
10338.7,0.9347712
10346.4,0.9343757
10354.1,0.9339957
10361.9,0.9336302
10369.6,0.9332647
10377.3,0.9329127
10385,0.9325637
10392.8,0.9322142
10400.5,0.9318627
10408.2,0.9315117
10415.9,0.9311642
10423.6,0.9308212
10431.4,0.9304787
10439.1,0.9301617
10446.8,0.9298547
10454.5,0.9295472
10462.2,0.9292757
10470,0.9290047
10477.7,0.9287397
10485.4,0.9284902
10493.1,0.9282417
10500.8,0.9280042
10508.6,0.9277777
10516.3,0.9275507
10524,0.9273507
10531.7,0.9271592
10539.5,0.9269677
10547.2,0.9268282
10554.9,0.9266907
10562.6,0.9265642
10570.3,0.9264837
10578.1,0.9264037
10585.8,0.9263362
10593.5,0.9262852
10601.2,0.9262352
10608.9,0.9261877
10616.7,0.9261417
10624.4,0.9260962
10632.1,0.9260632
10639.8,0.9260337
10647.6,0.9260047
10655.3,0.9260042
10663,0.9260047
10670.7,0.9260077
10678.4,0.9260297
10686.2,0.9260517
10693.9,0.9260777
10701.6,0.9261147
10709.3,0.9261512
10717,0.9261907
10724.8,0.9262347
10732.5,0.9262782
10740.2,0.9263292
10747.9,0.9263862
10755.6,0.9264432
10763.4,0.9265297
10771.1,0.9266317
10778.8,0.9267332
10786.5,0.9268652
10794.3,0.9270067
10802,0.9271482
10809.7,0.9272727
10817.4,0.9273942
10825.1,0.9275162
10832.9,0.9276107
10840.6,0.9277037
10848.3,0.9277967
10856,0.9279197
10863.7,0.9280427
10871.5,0.9281682
10879.2,0.9283442
10886.9,0.9285197
10894.6,0.9286972
10902.4,0.9288877
10910.1,0.9290782
10917.8,0.9292642
10925.5,0.9294227
10933.2,0.9295812
10941,0.9297327
10948.7,0.9298462
10956.4,0.9299597
10964.1,0.9300722
10971.8,0.9301797
10979.6,0.9302867
10987.3,0.9303967
10995,0.9305257
11002.7,0.9306542
11010.4,0.9307812
11018.2,0.9309007
11025.9,0.9310202
11033.6,0.9311372
11041.3,0.9312312
11049.1,0.9313257
11056.8,0.9314197
11064.5,0.9315137
11072.2,0.9316072
11079.9,0.9317007
11087.7,0.9317997
11095.4,0.9318987
11103.1,0.9319977
11110.8,0.9320987
11118.5,0.9321997
11126.3,0.9323007
11134,0.9324182
11141.7,0.9325392
11149.4,0.9326597
11157.2,0.9327922
11164.9,0.9329292
11172.6,0.9330662
11180.3,0.9331892
11188,0.9333037
11195.8,0.9334177
11203.5,0.9335062
11211.2,0.9335667
11218.9,0.9336277
11226.6,0.9336767
11234.4,0.9337032
11242.1,0.9337287
11249.8,0.9337567
11257.5,0.9337892
11265.2,0.9338207
11273,0.9338537
11280.7,0.9338887
11288.4,0.9339237
11296.1,0.9339587
11303.9,0.9339747
11311.6,0.9339867
11319.3,0.9339987
11327,0.9339887
11334.7,0.9339677
11342.5,0.9339462
11350.2,0.9339022
11357.9,0.9338287
11365.6,0.9337562
11373.3,0.9336682
11381.1,0.9335307
11388.8,0.9333927
11396.5,0.9332552
11404.2,0.9330852
11412,0.9329147
11419.7,0.9327447
11427.4,0.9325812
11435.1,0.9324212
11442.8,0.9322617
11450.6,0.9321107
11458.3,0.9319702
11466,0.9318302
11473.7,0.9316902
11481.4,0.9315562
11489.2,0.9314227
11496.9,0.9312887
11504.6,0.9311462
11512.3,0.9310032
11520,0.9308602
11527.8,0.9307052
11535.5,0.9305407
11543.2,0.9303767
11550.9,0.9302082
11558.7,0.9300257
11566.4,0.9298437
11574.1,0.9296617
11581.8,0.9294797
11589.5,0.9292977
11597.3,0.9291162
11605,0.9289442
11612.7,0.9287802
11620.4,0.9286167
11628.1,0.9284562
11635.9,0.9283082
11643.6,0.9281602
11651.3,0.9280122
11659,0.9278692
11666.8,0.9277282
11674.5,0.9275872
11682.2,0.9274557
11689.9,0.9273367
11697.6,0.9272182
11705.4,0.9270997
11713.1,0.9270082
11720.8,0.9269167
11728.5,0.9268257
11736.2,0.9267357
11744,0.9266467
11751.7,0.9265582
11759.4,0.9264717
11767.1,0.9263967
11774.8,0.9263227
11782.6,0.9262487
11790.3,0.9262072
11798,0.9261817
11805.7,0.9261562
11813.5,0.9261357
11821.2,0.9261322
11828.9,0.9261292
11836.6,0.9261257
11844.3,0.9260982
11852.1,0.9260592
11859.8,0.9260212
11867.5,0.9259787
11875.2,0.9259162
11882.9,0.9258542
11890.7,0.9257922
11898.4,0.9257622
11906.1,0.9257482
11913.8,0.9257342
11921.6,0.9257302
11929.3,0.9257942
11937,0.9258577
11944.7,0.9259217
11952.4,0.9260037
11960.2,0.9261007
11967.9,0.9261962
11975.6,0.9262927
11983.3,0.9263922
11991,0.9264917
11998.8,0.9265917
12006.5,0.9267007
12014.2,0.9268262
12021.9,0.9269507
12029.6,0.9270757
12037.4,0.9272267
12045.1,0.9273842
12052.8,0.9275412
12060.5,0.9277012
12068.3,0.9278747
12076,0.9280477
12083.7,0.9282207
12091.4,0.9283942
12099.1,0.9285697
12106.9,0.9287437
12114.6,0.9289182
12122.3,0.9290827
12130,0.9292462
12137.7,0.9294097
12145.5,0.9295732
12153.2,0.9297377
12160.9,0.9299032
12168.6,0.9300677
12176.4,0.9302512
12184.1,0.9304522
12191.8,0.9306537
12199.5,0.9308542
12207.2,0.9310882
12215,0.9313302
12222.7,0.9315712
12230.4,0.9318147
12238.1,0.9320812
12245.8,0.9323467
12253.6,0.9326132
12261.3,0.9328857
12269,0.9331732
12276.7,0.9334602
12284.4,0.9337472
12292.2,0.9340402
12299.9,0.9343377
12307.6,0.9346357
12315.3,0.9349327
12323.1,0.9352122
12330.8,0.9354862
12338.5,0.9357602
12346.2,0.9360337
12353.9,0.9362567
12361.7,0.9364782
12369.4,0.9367002
12377.1,0.9369162
12384.8,0.9371062
12392.5,0.9372962
12400.3,0.9374862
12408,0.9376847
12415.7,0.9379037
12423.4,0.9381222
12431.2,0.9383402
12438.9,0.9385877
12446.6,0.9388677
12454.3,0.9391477
12462,0.9394267
12469.8,0.9397357
12477.5,0.9400627
12485.2,0.9403902
12492.9,0.9407167
12500.6,0.9410567
12508.4,0.9414022
12516.1,0.9417472
12523.8,0.9420917
12531.5,0.9424177
12539.2,0.9427392
12547,0.9430612
12554.7,0.9433817
12562.4,0.9436577
12570.1,0.9439277
12577.9,0.9441972
12585.6,0.9444667
12593.3,0.9447172
12601,0.9449657
12608.7,0.9452147
12616.5,0.9454627
12624.2,0.9457452
12631.9,0.9460287
12639.6,0.9463112
12647.3,0.9465942
12655.1,0.9469252
12662.8,0.9472567
12670.5,0.9475877
12678.2,0.9479187
12686,0.9482672
12693.7,0.9486152
12701.4,0.9489632
12709.1,0.9493107
12716.8,0.9496352
12724.6,0.9499587
12732.3,0.9502812
12740,0.9506042
12747.7,0.9508972
12755.4,0.9511862
12763.2,0.9514762
12770.9,0.9517647
12778.6,0.9520532
12786.3,0.9523417
12794,0.9526292
12801.8,0.9529167
12809.5,0.9532137
12817.2,0.9535127
12824.9,0.9538117
12832.7,0.9541102
12840.4,0.9543947
12848.1,0.9546712
12855.8,0.9549482
12863.5,0.9552247
12871.3,0.9554827
12879,0.9557242
12886.7,0.9559657
12894.4,0.9562067
12902.1,0.9564497
12909.9,0.9566952
12917.6,0.9569407
12925.3,0.9571852
12933,0.9574387
12940.8,0.9577227
12948.5,0.9580062
12956.2,0.9582902
12963.9,0.9585742
12971.6,0.9588892
12979.4,0.9592042
12987.1,0.9595187
12994.8,0.9598327
13002.5,0.9601467
13010.2,0.9604607
13018,0.9607742
13025.7,0.9610872
13033.4,0.9613792
13041.1,0.9616567
13048.8,0.9619337
13056.6,0.9622107
13064.3,0.9624692
13072,0.9626952
13079.7,0.9629197
13087.5,0.9631447
13095.2,0.9633677
13102.9,0.9635677
13110.6,0.9637677
13118.3,0.9639672
13126.1,0.9641667
13133.8,0.9643622
13141.5,0.9645567
13149.2,0.9647512
13156.9,0.9649447
13164.7,0.9651247
13172.4,0.9652897
13180.1,0.9654542
13187.8,0.9656187
13195.6,0.9657787
13203.3,0.9659132
13211,0.9660482
13218.7,0.9661822
13226.4,0.9663162
13234.2,0.9664592
13241.9,0.9666042
13249.6,0.9667497
13257.3,0.9668952
13265,0.9670477
13272.8,0.9672132
13280.5,0.9673787
13288.2,0.9675432
13295.9,0.9677082
13303.6,0.9678682
13311.4,0.9680277
13319.1,0.9681877
13326.8,0.9683472
13334.5,0.9684977
13342.3,0.9686417
13350,0.9687852
13357.7,0.9689287
13365.4,0.9690707
13373.1,0.9692057
13380.9,0.9693412
13388.6,0.9694762
13396.3,0.9696112
13404,0.9697442
13411.7,0.9698757
13419.5,0.9700072
13427.2,0.9701392
13434.9,0.9702682
13442.6,0.9703867
13450.4,0.9705042
13458.1,0.9706217
13465.8,0.9707397
13473.5,0.9708502
13481.2,0.9709567
13489,0.9710632
13496.7,0.9711697
13504.4,0.9712767
13512.1,0.9713917
13519.8,0.9715062
13527.6,0.9716207
13535.3,0.9717357
13543,0.9718452
13550.7,0.9719502
13558.4,0.9720557
13566.2,0.9721602
13573.9,0.9722647
13581.6,0.9723247
13589.3,0.9723812
13597.1,0.9724372
13604.8,0.9724927
13612.5,0.9725397
13620.2,0.9725667
13627.9,0.9725932
13635.7,0.9726197
13643.4,0.9726467
13651.1,0.9726842
13658.8,0.9727272
13666.5,0.9727702
13674.3,0.9728132
13682,0.9728562
13689.7,0.9729067
13697.4,0.9729567
13705.2,0.9730067
13712.9,0.9730567
13720.6,0.9730972
13728.3,0.9731177
13736,0.9731387
13743.8,0.9731587
13751.5,0.9731797
13759.2,0.9731892
13766.9,0.9731912
13774.6,0.9731932
13782.4,0.9731957
13790.1,0.9731977
13797.8,0.9732237
13805.5,0.9732537
13813.2,0.9732832
13821,0.9733127
13828.7,0.9733447
13836.4,0.9733992
13844.1,0.9734532
13851.9,0.9735077
13859.6,0.9735617
13867.3,0.9736057
13875,0.9736262
13882.7,0.9736472
13890.5,0.9736682
13898.2,0.9736892
13905.9,0.9736877
13913.6,0.9736642
13921.3,0.9736407
13929.1,0.9736172
13936.8,0.9735937
13944.5,0.9735712
13952.2,0.9735497
13960,0.9735282
13967.7,0.9735072
13975.4,0.9734852
13983.1,0.9734777
13990.8,0.9734737
13998.6,0.9734697
14006.3,0.9734662
14014,0.9734622
14021.7,0.9734677
14029.4,0.9734742
14037.2,0.9734802
14044.9,0.9734867
14052.6,0.9734937
14060.3,0.9735212
14068,0.9735487
14075.8,0.9735767
14083.5,0.9736047
14091.2,0.9736337
14098.9,0.9736777
14106.7,0.9737217
14114.4,0.9737662
14122.1,0.9738102
14129.8,0.9738532
14137.5,0.9738822
14145.3,0.9739112
14153,0.9739397
14160.7,0.9739687
14168.4,0.9739957
14176.1,0.9739927
14183.9,0.9739897
14191.6,0.9739872
14199.3,0.9739842
14207,0.9739812
14214.8,0.9739627
14222.5,0.9739442
14230.2,0.9739257
14237.9,0.9739072
14245.6,0.9738887
14253.4,0.9739002
14261.1,0.9739117
14268.8,0.9739232
14276.5,0.9739352
14284.2,0.9739472
14292,0.9740112
14299.7,0.9740817
14307.4,0.9741517
14315.1,0.9742212
14322.8,0.9742912
14330.6,0.9743692
14338.3,0.9744487
14346,0.9745282
14353.7,0.9746072
14361.5,0.9746867
14369.2,0.9747322
14376.9,0.9747592
14384.6,0.9747862
14392.3,0.9748137
14400.1,0.9748402
14407.8,0.9748547
14415.5,0.9748547
14423.2,0.9748547
14430.9,0.9748547
14438.7,0.9748547
14446.4,0.9748642
14454.1,0.9748977
14461.8,0.9749312
14469.6,0.9749647
14477.3,0.9749982
14485,0.9750332
14492.7,0.9750982
14500.4,0.9751637
14508.2,0.9752282
14515.9,0.9752932
14523.6,0.9753582
14531.3,0.9754147
14539,0.9754682
14546.8,0.9755222
14554.5,0.9755767
14562.2,0.9756302
14569.9,0.9756657
14577.6,0.9756847
14585.4,0.9757037
14593.1,0.9757232
14600.8,0.9757422
14608.5,0.9757547
14616.3,0.9757432
14624,0.9757317
14631.7,0.9757207
14639.4,0.9757092
14647.1,0.9756982
14654.9,0.9756782
14662.6,0.9756572
14670.3,0.9756362
14678,0.9756152
14685.7,0.9755937
14693.5,0.9755692
14701.2,0.9755407
14708.9,0.9755117
14716.6,0.9754827
14724.4,0.9754537
14732.1,0.9754242
14739.8,0.9753792
14747.5,0.9753352
14755.2,0.9752902
14763,0.9752462
14770.7,0.9752017
14778.4,0.9751752
14786.1,0.9751587
14793.8,0.9751422
14801.6,0.9751252
14809.3,0.9751087
14817,0.9751117
14824.7,0.9752057
14832.4,0.9752987
14840.2,0.9753917
14847.9,0.9754847
14855.6,0.9755777
14863.3,0.9757597
14871.1,0.9759827
14878.8,0.9762057
14886.5,0.9764277
14894.2,0.9766507
14901.9,0.9768652
14909.7,0.9770382
14917.4,0.9772112
14925.1,0.9773837
14932.8,0.9775567
14940.5,0.9777287
14948.3,0.9776867
14956,0.9774972
14963.7,0.9773077
14971.4,0.9771182
14979.2,0.9769287
14986.9,0.9767397
14994.6,0.9764162
15002.3,0.9760927
15010,0.9757687
15017.8,0.9754457
15025.5,0.9751227
15033.2,0.9748662
15040.9,0.9747232
15048.6,0.9745797
15056.4,0.9744362
15064.1,0.9742932
15071.8,0.9741502
15079.5,0.9741062
15087.2,0.9741027
15095,0.9740987
15102.7,0.9740952
15110.4,0.9740912
15118.1,0.9740887
15125.9,0.9741377
15133.6,0.9741867
15141.3,0.9742357
15149,0.9742847
15156.7,0.9743337
15164.5,0.9743792
15172.2,0.9744172
15179.9,0.9744552
15187.6,0.9744937
15195.3,0.9745317
15203.1,0.9745697
15210.8,0.9745797
15218.5,0.9745647
15226.2,0.9745497
15234,0.9745352
15241.7,0.9745207
15249.4,0.9745057
15257.1,0.9744707
15264.8,0.9744282
15272.6,0.9743862
15280.3,0.9743437
15288,0.9743017
15295.7,0.9742597
15303.4,0.9742387
15311.2,0.9742192
15318.9,0.9742002
15326.6,0.9741812
15334.3,0.9741617
15342,0.9741437
15349.8,0.9741417
15357.5,0.9741397
15365.2,0.9741367
15372.9,0.9741347
15380.7,0.9741327
15388.4,0.9741287
15396.1,0.9741142
15403.8,0.9741007
15411.5,0.9740867
15419.3,0.9740727
15427,0.9740587
15434.7,0.9740417
15442.4,0.9740147
15450.1,0.9739882
15457.9,0.9739607
15465.6,0.9739342
15473.3,0.9739072
15481,0.9738772
15488.8,0.9738397
15496.5,0.9738022
15504.2,0.9737637
15511.9,0.9737262
15519.6,0.9736887
15527.4,0.9736447
15535.1,0.9735842
15542.8,0.9735227
15550.5,0.9734617
15558.2,0.9734012
15566,0.9733397
15573.7,0.9732762
15581.4,0.9732002
15589.1,0.9731247
15596.8,0.9730492
15604.6,0.9729737
15612.3,0.9728982
15620,0.9728252
15627.7,0.9727677
15635.5,0.9727102
15643.2,0.9726527
15650.9,0.9725957
15658.6,0.9725382
15666.3,0.9724812
15674.1,0.9724427
15681.8,0.9724042
15689.5,0.9723652
15697.2,0.9723262
15704.9,0.9722877
15712.7,0.9722487
15720.4,0.9721982
15728.1,0.9721462
15735.8,0.9720937
15743.6,0.9720417
15751.3,0.9719897
15759,0.9719377
15766.7,0.9718767
15774.4,0.9718112
15782.2,0.9717457
15789.9,0.9716807
15797.6,0.9716157
15805.3,0.9715507
15813,0.9714947
15820.8,0.9714477
15828.5,0.9714007
15836.2,0.9713542
15843.9,0.9713072
15851.6,0.9712607
15859.4,0.9712202
15867.1,0.9712012
15874.8,0.9711822
15882.5,0.9711632
15890.3,0.9711442
15898,0.9711257
15905.7,0.9711067
15913.4,0.9710957
15921.1,0.9710857
15928.9,0.9710752
15936.6,0.9710647
15944.3,0.9710547
15952,0.9710447
15959.7,0.9710292
15967.5,0.9710102
15975.2,0.9709912
15982.9,0.9709722
15990.6,0.9709532
15998.4,0.9709347
16006.1,0.9709187
16013.8,0.9709142
16021.5,0.9709097
16029.2,0.9709052
16037,0.9709007
16044.7,0.9708962
16052.4,0.9708922
16060.1,0.9709362
16067.8,0.9709942
16075.6,0.9710512
16083.3,0.9711092
16091,0.9711667
16098.7,0.9712237
16106.4,0.9712977
16114.2,0.9714047
16121.9,0.9715117
16129.6,0.9716192
16137.3,0.9717257
16145.1,0.9718327
16152.8,0.9719392
16160.5,0.9720167
16168.2,0.9720882
16175.9,0.9721597
16183.7,0.9722312
16191.4,0.9723017
16199.1,0.9723732
16206.8,0.9724182
16214.5,0.9724012
16222.3,0.9723832
16230,0.9723662
16237.7,0.9723482
16245.4,0.9723312
16253.2,0.9723132
16260.9,0.9722597
16268.6,0.9721907
16276.3,0.9721217
16284,0.9720532
16291.8,0.9719847
16299.5,0.9719162
16307.2,0.9718492
16314.9,0.9717967
16322.6,0.9717447
16330.4,0.9716927
16338.1,0.9716402
16345.8,0.9715882
16353.5,0.9715362
16361.2,0.9715052
16369,0.9715012
16376.7,0.9714967
16384.4,0.9714932
16392.1,0.9714892
16399.9,0.9714852
16407.6,0.9714812
16415.3,0.9715017
16423,0.9715307
16430.7,0.9715597
16438.5,0.9715892
16446.2,0.9716177
16453.9,0.9716472
16461.6,0.9716757
16469.3,0.9717172
16477.1,0.9717592
16484.8,0.9718002
16492.5,0.9718422
16500.2,0.9718842
16508,0.9719252
16515.7,0.9719702
16523.4,0.9720277
16531.1,0.9720862
16538.8,0.9721437
16546.6,0.9722017
16554.3,0.9722592
16562,0.9723172
16569.7,0.9723757
16577.4,0.9724367
16585.2,0.9724972
16592.9,0.9725582
16600.6,0.9726192
16608.3,0.9726797
16616,0.9727402
16623.8,0.9727827
16631.5,0.9728057
16639.2,0.9728287
16646.9,0.9728512
16654.7,0.9728742
16662.4,0.9728967
16670.1,0.9729197
16677.8,0.9729147
16685.5,0.9728872
16693.3,0.9728602
16701,0.9728332
16708.7,0.9728067
16716.4,0.9727797
16724.1,0.9727527
16731.9,0.9727137
16739.6,0.9726662
16747.3,0.9726192
16755,0.9725722
16762.8,0.9725247
16770.5,0.9724782
16778.2,0.9724307
16785.9,0.9723897
16793.6,0.9723532
16801.4,0.9723172
16809.1,0.9722807
16816.8,0.9722447
16824.5,0.9722082
16832.2,0.9721722
16840,0.9721452
16847.7,0.9721272
16855.4,0.9721082
16863.1,0.9720902
16870.8,0.9720717
16878.6,0.9720537
16886.3,0.9720357
16894,0.9720222
16901.7,0.9720147
16909.5,0.9720077
16917.2,0.9720007
16924.9,0.9719937
16932.6,0.9719862
16940.3,0.9719792
16948.1,0.9719762
16955.8,0.9719827
16963.5,0.9719892
16971.2,0.9719957
16978.9,0.9720027
16986.7,0.9720087
16994.4,0.9720157
17002.1,0.9720232
17009.8,0.9720497
17017.6,0.9720757
17025.3,0.9721017
17033,0.9721277
17040.7,0.9721537
17048.4,0.9721802
17056.2,0.9722062
17063.9,0.9722312
17071.6,0.9722567
17079.3,0.9722812
17087,0.9723067
17094.8,0.9723317
17102.5,0.9723567
17110.2,0.9723822
17117.9,0.9723822
17125.6,0.9723612
17133.4,0.9723397
17141.1,0.9723187
17148.8,0.9722977
17156.5,0.9722767
17164.3,0.9722562
17172,0.9722232
17179.7,0.9721462
17187.4,0.9720687
17195.1,0.9719912
17202.9,0.9719142
17210.6,0.9718367
17218.3,0.9717597
17226,0.9716822
17233.7,0.9716117
17241.5,0.9715432
17249.2,0.9714747
17256.9,0.9714057
17264.6,0.9713372
17272.4,0.9712687
17280.1,0.9712002
17287.8,0.9711577
17295.5,0.9711572
17303.2,0.9711567
17311,0.9711572
17318.7,0.9711567
17326.4,0.9711567
17334.1,0.9711562
17341.8,0.9711562
17349.6,0.9711877
17357.3,0.9712222
17365,0.9712572
17372.7,0.9712922
17380.4,0.9713272
17388.2,0.9713622
17395.9,0.9713967
17403.6,0.9714232
17411.3,0.9714337
17419.1,0.9714437
17426.8,0.9714542
17434.5,0.9714652
17442.2,0.9714757
17449.9,0.9714857
17457.7,0.9714962
17465.4,0.9714952
17473.1,0.9714902
17480.8,0.9714852
17488.5,0.9714802
17496.3,0.9714752
17504,0.9714707
17511.7,0.9714652
17519.4,0.9714632
17527.1,0.9714812
17534.9,0.9714987
17542.6,0.9715162
17550.3,0.9715337
17558,0.9715512
17565.8,0.9715692
17573.5,0.9715867
17581.2,0.9716092
17588.9,0.9716387
17596.6,0.9716682
17604.4,0.9716972
17612.1,0.9717267
17619.8,0.9717557
17627.5,0.9717847
17635.2,0.9718142
17643,0.9718167
17650.7,0.9718082
17658.4,0.9717997
17666.1,0.9717912
17673.9,0.9717827
17681.6,0.9717742
17689.3,0.9717657
17697,0.9717572
17704.7,0.9716967
17712.5,0.9716297
17720.2,0.9715632
17727.9,0.9714972
17735.6,0.9714302
17743.3,0.9713642
17751.1,0.9712977
17758.8,0.9712312
17766.5,0.9711547
17774.2,0.9710777
17781.9,0.9710007
17789.7,0.9709242
17797.4,0.9708477
17805.1,0.9707712
17812.8,0.9706947
17820.6,0.9706262
17828.3,0.9706062
17836,0.9705857
17843.7,0.9705657
17851.4,0.9705457
17859.2,0.9705257
17866.9,0.9705052
17874.6,0.9704847
17882.3,0.9704752
17890,0.9705107
17897.8,0.9705467
17905.5,0.9705822
17913.2,0.9706182
17920.9,0.9706537
17928.7,0.9706897
17936.4,0.9707252
17944.1,0.9707567
17951.8,0.9707687
17959.5,0.9707807
17967.3,0.9707927
17975,0.9708052
17982.7,0.9708167
17990.4,0.9708287
17998.1,0.9708412
18005.9,0.9708462
18013.6,0.9707907
18021.3,0.9707352
18029,0.9706797
18036.7,0.9706247
18044.5,0.9705697
18052.2,0.9705147
18059.9,0.9704597
18067.6,0.9704042
18075.4,0.9703592
18083.1,0.9703147
18090.8,0.9702702
18098.5,0.9702247
18106.2,0.9701802
18114,0.9701357
18121.7,0.9700912
18129.4,0.9700467
18137.1,0.9700682
18144.8,0.9701077
18152.6,0.9701467
18160.3,0.9701862
18168,0.9702252
18175.7,0.9702642
18183.5,0.9703037
18191.2,0.9703427
18198.9,0.9703942
18206.6,0.9704567
18214.3,0.9705187
18222.1,0.9705812
18229.8,0.9706437
18237.5,0.9707057
18245.2,0.9707672
18252.9,0.9708292
18260.7,0.9708747
18268.4,0.9708717
18276.1,0.9708692
18283.8,0.9708662
18291.5,0.9708637
18299.3,0.9708607
18307,0.9708582
18314.7,0.9708557
18322.4,0.9708527
18330.2,0.9707932
18337.9,0.9707282
18345.6,0.9706632
18353.3,0.9705977
18361,0.9705327
18368.8,0.9704677
18376.5,0.9704027
18384.2,0.9703377
18391.9,0.9702557
18399.6,0.9701552
18407.4,0.9700552
18415.1,0.9699552
18422.8,0.9698552
18430.5,0.9697552
18438.3,0.9696557
18446,0.9695562
18453.7,0.9694562
18461.4,0.9693297
18469.1,0.9692032
18476.9,0.9690777
18484.6,0.9689512
18492.3,0.9688257
18500,0.9686997
18507.7,0.9685742
18515.5,0.9684487
18523.2,0.9683312
18530.9,0.9682222
18538.6,0.9681142
18546.3,0.9680062
18554.1,0.9678977
18561.8,0.9677897
18569.5,0.9676817
18577.2,0.9675737
18585,0.9674662
18592.7,0.9674017
18600.4,0.9673437
18608.1,0.9672852
18615.8,0.9672272
18623.6,0.9671692
18631.3,0.9671117
18639,0.9670537
18646.7,0.9669957
18654.4,0.9669352
18662.2,0.9668662
18669.9,0.9667977
18677.6,0.9667287
18685.3,0.9666602
18693.1,0.9665917
18700.8,0.9665232
18708.5,0.9664542
18716.2,0.9663862
18723.9,0.9662802
18731.7,0.9661357
18739.4,0.9659912
18747.1,0.9658467
18754.8,0.9657027
18762.5,0.9655587
18770.3,0.9654152
18778,0.9652717
18785.7,0.9651277
18793.4,0.9649407
18801.1,0.9647357
18808.9,0.9645312
18816.6,0.9643277
18824.3,0.9641232
18832,0.9639192
18839.8,0.9637152
18847.5,0.9635117
18855.2,0.9633082
18862.9,0.9630707
18870.6,0.9628277
18878.4,0.9625847
18886.1,0.9623422
18893.8,0.9621002
18901.5,0.9618582
18909.2,0.9616162
18917,0.9613742
18924.7,0.9611327
18932.4,0.9608427
18940.1,0.9605507
18947.9,0.9602587
18955.6,0.9599672
18963.3,0.9596757
18971,0.9593847
18978.7,0.9590932
18986.5,0.9588027
18994.2,0.9585122
19001.9,0.9581927
19009.6,0.9578722
19017.3,0.9575517
19025.1,0.9572322
19032.8,0.9569122
19040.5,0.9565932
19048.2,0.9562742
19055.9,0.9559552
19063.7,0.9556367
19071.4,0.9553377
19079.1,0.9550412
19086.8,0.9547442
19094.6,0.9544477
19102.3,0.9541512
19110,0.9538552
19117.7,0.9535592
19125.4,0.9532637
19133.2,0.9529687
19140.9,0.9526902
19148.6,0.9524162
19156.3,0.9521422
19164,0.9518687
19171.8,0.9515952
19179.5,0.9513222
19187.2,0.9510492
19194.9,0.9507767
19202.7,0.9505042
19210.4,0.9502072
19218.1,0.9498967
19225.8,0.9495862
19233.5,0.9492767
19241.3,0.9489667
19249,0.9486572
19256.7,0.9483482
19264.4,0.9480392
19272.1,0.9477307
19279.9,0.9473962
19287.6,0.9470232
19295.3,0.9466507
19303,0.9462772
19310.7,0.9459052
19318.5,0.9455332
19326.2,0.9451612
19333.9,0.9447897
19341.6,0.9444187
19349.4,0.9440472
19357.1,0.9436677
19364.8,0.9432882
19372.5,0.9429092
19380.2,0.9425307
19388,0.9421522
19395.7,0.9417742
19403.4,0.9413967
19411.1,0.9410187
19418.8,0.9406417
19426.6,0.9402937
19434.3,0.9399582
19442,0.9396237
19449.7,0.9392887
19457.5,0.9389542
19465.2,0.9386202
19472.9,0.9382862
19480.6,0.9379527
19488.3,0.9376192
19496.1,0.9372942
19503.8,0.9369967
19511.5,0.9366987
19519.2,0.9364012
19526.9,0.9361037
19534.7,0.9358067
19542.4,0.9355097
19550.1,0.9352137
19557.8,0.9349172
19565.5,0.9346207
19573.3,0.9343677
19581,0.9341322
19588.7,0.9338972
19596.4,0.9336622
19604.2,0.9334272
19611.9,0.9331932
19619.6,0.9329587
19627.3,0.9327242
19635,0.9324902
19642.8,0.9322677
19650.5,0.9321417
19658.2,0.9320157
19665.9,0.9318897
19673.6,0.9317632
19681.4,0.9316372
19689.1,0.9315117
19696.8,0.9313857
19704.5,0.9312602
19712.3,0.9311347
19720,0.9310307
19727.7,0.9309557
19735.4,0.9308802
19743.1,0.9308047
19750.9,0.9307297
19758.6,0.9306547
19766.3,0.9305792
19774,0.9305042
19781.7,0.9304297
19789.5,0.9303547
19797.2,0.9302502
19804.9,0.9301332
19812.6,0.9300167
19820.3,0.9298997
19828.1,0.9297832
19835.8,0.9296667
19843.5,0.9295502
19851.2,0.9294337
19859,0.9293172
19866.7,0.9292012
19874.4,0.9290912
19882.1,0.9289817
19889.8,0.9288727
19897.6,0.9287642
19905.3,0.9286552
19913,0.9285462
19920.7,0.9284377
19928.4,0.9283287
19936.2,0.9282207
19943.9,0.9281122
19951.6,0.9281312
19959.3,0.9281542
19967.1,0.9281772
19974.8,0.9281997
19982.5,0.9282232
19990.2,0.9282462
19997.9,0.9282687
20005.7,0.9282912
20013.4,0.9283142
20021.1,0.9283372
