nm,T
200,0.7390371
201,0.7418118
202,0.7447189
203,0.7468435
204,0.7490527
205,0.7507211
206,0.7517048
207,0.7526649
208,0.7537065
209,0.7541704
210,0.7551437
211,0.7555197
212,0.7559694
213,0.7568297
214,0.7576485
215,0.7582274
216,0.7597829
217,0.7609634
218,0.7625661
219,0.7646416
220,0.7670877
221,0.7690806
222,0.7718733
223,0.7747236
224,0.7775409
225,0.780764
226,0.78371
227,0.7862019
228,0.7894685
229,0.7923318
230,0.794871
231,0.7978587
232,0.8002189
233,0.8022434
234,0.805179
235,0.8071904
236,0.8091012
237,0.8114426
238,0.8129211
239,0.814108
240,0.8162392
241,0.8177156
242,0.8188973
243,0.8206642
244,0.8219614
245,0.8225387
246,0.8239988
247,0.8251385
248,0.8256736
249,0.8270369
250,0.828069
251,0.8281988
252,0.8295024
253,0.8300655
254,0.8305089
255,0.8313658
256,0.8321583
257,0.8322643
258,0.8330244
259,0.8335025
260,0.83384
261,0.8345866
262,0.8352003
263,0.8351216
264,0.8358792
265,0.836734
266,0.8365404
267,0.8373248
268,0.8374703
269,0.8374333
270,0.8378429
271,0.8387626
272,0.838662
273,0.8394169
274,0.8395227
275,0.8394271
276,0.8404023
277,0.8403971
278,0.8407641
279,0.8410425
280,0.8414766
281,0.8410126
282,0.8420361
283,0.8420922
284,0.8420676
285,0.8423423
286,0.8423365
287,0.8422662
288,0.8433304
289,0.843154
290,0.8431576
291,0.8439665
292,0.8439893
293,0.8433732
294,0.8442395
295,0.8440278
296,0.8442404
297,0.8442889
298,0.8448144
299,0.8444651
300,0.8449437
301,0.8449458
302,0.8454175
303,0.8454502
304,0.8461538
305,0.8459418
306,0.846071
307,0.8460586
308,0.8461114
309,0.8465266
310,0.846831
311,0.8463357
312,0.8469969
313,0.8471526
314,0.8470557
315,0.8475466
316,0.8474602
317,0.847188
318,0.8477448
319,0.8475564
320,0.8472709
321,0.8475773
322,0.8475586
323,0.8474145
324,0.8477899
325,0.8475771
326,0.8477399
327,0.8478391
328,0.8481103
329,0.8477887
330,0.8485535
331,0.8484568
332,0.848245
333,0.8484886
334,0.8485715
335,0.848203
336,0.8483473
337,0.8484453
338,0.8486056
339,0.8486981
340,0.8487885
341,0.8482662
342,0.8487115
343,0.8486678
344,0.8483043
345,0.8487916
346,0.8485983
347,0.8483335
348,0.8486667
349,0.8486412
350,0.8483585
351,0.8485352
352,0.8484161
353,0.8480904
354,0.8487679
355,0.8485838
356,0.8484588
357,0.8486772
358,0.8485472
359,0.8481732
360,0.8485955
361,0.8485433
362,0.8482393
363,0.8486477
364,0.8486149
365,0.8480985
366,0.848431
367,0.8484616
368,0.8486143
369,0.849008
370,0.8484887
371,0.8483277
372,0.8487989
373,0.8485906
374,0.8486964
375,0.8488519
376,0.8487234
377,0.8487321
378,0.849123
379,0.8496185
380,0.8495015
381,0.8492311
382,0.849679
383,0.8498001
384,0.8498364
385,0.8502933
386,0.8499398
387,0.8499586
388,0.8502918
389,0.8504818
390,0.8505117
391,0.850646
392,0.8504488
393,0.850662
394,0.8513344
395,0.8511979
396,0.851324
397,0.8516168
398,0.8517682
399,0.8515914
400,0.8521169
401,0.8520937
402,0.8522964
403,0.8529087
404,0.8527144
405,0.8527047
406,0.853152
407,0.8533317
408,0.8534169
409,0.8538158
410,0.8534934
411,0.8536433
412,0.8540925
413,0.8540709
414,0.854133
415,0.8545875
416,0.8544527
417,0.8544045
418,0.8549108
419,0.8550302
420,0.8550298
421,0.8554987
422,0.8551453
423,0.8552304
424,0.855321
425,0.8555812
426,0.855689
427,0.8560976
428,0.8558716
429,0.8558017
430,0.8562984
431,0.8563058
432,0.8565144
433,0.8566532
434,0.8564992
435,0.8564835
436,0.8567771
437,0.856658
438,0.8568522
439,0.8571585
440,0.8569078
441,0.8568917
442,0.8573213
443,0.8572402
444,0.8571598
445,0.8575811
446,0.8573206
447,0.8572858
448,0.8577233
449,0.857618
450,0.8575728
451,0.857869
452,0.8576398
453,0.8575707
454,0.8579554
455,0.8578738
456,0.8579465
457,0.8581562
458,0.8579608
459,0.8580205
460,0.8582338
461,0.8582148
462,0.8583551
463,0.8585381
464,0.8582967
465,0.8583354
466,0.8585396
467,0.8582604
468,0.8583651
469,0.8586962
470,0.8584027
471,0.8583764
472,0.8587178
473,0.8587237
474,0.8587754
475,0.8590574
476,0.8588366
477,0.8587284
478,0.8590751
479,0.8589765
480,0.8590552
481,0.8592916
482,0.8589668
483,0.8589007
484,0.8592422
485,0.8592363
486,0.8592581
487,0.859128
488,0.8589357
489,0.8590353
490,0.8593949
491,0.8592775
492,0.8593911
493,0.8597342
494,0.8594467
495,0.8593988
496,0.8595981
497,0.859405
498,0.859624
499,0.8597488
500,0.8594094
501,0.8593833
502,0.8596567
503,0.859578
504,0.8598666
505,0.8596895
506,0.8592634
507,0.8596967
508,0.8598666
509,0.8596532
510,0.8598798
511,0.8600392
512,0.8597887
513,0.85982
514,0.85994
515,0.8599405
516,0.8601479
517,0.8601116
518,0.8598585
519,0.8600721
520,0.8603481
521,0.8601111
522,0.8603564
523,0.8604151
524,0.8601205
525,0.8602292
526,0.8604887
527,0.8603734
528,0.8604889
529,0.8605654
530,0.8602849
531,0.860523
532,0.8606613
533,0.8605393
534,0.8606702
535,0.8607998
536,0.8604878
537,0.8606746
538,0.8607351
539,0.8606148
540,0.8608796
541,0.8610378
542,0.8604115
543,0.860788
544,0.8608502
545,0.8607037
546,0.8609619
547,0.8612096
548,0.860634
549,0.8608394
550,0.8610045
551,0.8607281
552,0.861214
553,0.8612476
554,0.8607552
555,0.8608162
556,0.8610792
557,0.8610452
558,0.8613001
559,0.8611895
560,0.8609174
561,0.8609616
562,0.8608169
563,0.8611433
564,0.8614461
565,0.8611713
566,0.8613665
567,0.8613024
568,0.8607994
569,0.8612574
570,0.8614326
571,0.8612558
572,0.8612155
573,0.8611827
574,0.8607777
575,0.8612659
576,0.8612919
577,0.8611437
578,0.8613988
579,0.8616553
580,0.8610355
581,0.8613336
582,0.8615216
583,0.8613527
584,0.8616897
585,0.8614372
586,0.8611947
587,0.8614358
588,0.861757
589,0.8614428
590,0.8618252
591,0.8611309
592,0.8612595
593,0.8616002
594,0.8618176
595,0.861635
596,0.8618698
597,0.8616596
598,0.8613163
599,0.8615558
600,0.8617586
601,0.8616074
602,0.8619108
603,0.8617534
604,0.8615205
605,0.8616471
606,0.8618691
607,0.861492
608,0.8621905
609,0.8621425
610,0.8618724
611,0.8619041
612,0.8621709
613,0.8619276
614,0.8622732
615,0.861654
616,0.8615498
617,0.86181
618,0.8619825
619,0.8616365
620,0.8621181
621,0.8622857
622,0.8616779
623,0.861943
624,0.8620705
625,0.8619996
626,0.8623453
627,0.8622265
628,0.861626
629,0.8622181
630,0.8622893
631,0.862024
632,0.862381
633,0.8623149
634,0.8619258
635,0.8622658
636,0.8624635
637,0.8619156
638,0.8623846
639,0.8624978
640,0.8620321
641,0.8622911
642,0.862445
643,0.8624802
644,0.8627972
645,0.8625928
646,0.8622317
647,0.8624825
648,0.8625686
649,0.8624337
650,0.8626427
651,0.8624218
652,0.86204
653,0.8625816
654,0.8625123
655,0.86252
656,0.8625149
657,0.8626786
658,0.8620921
659,0.8628375
660,0.8625983
661,0.8624044
662,0.8627787
663,0.8628466
664,0.8623771
665,0.8629607
666,0.8627944
667,0.8624626
668,0.863045
669,0.8629902
670,0.8624244
671,0.8628433
672,0.8629134
673,0.8627149
674,0.8629872
675,0.8627323
676,0.8626472
677,0.8630331
678,0.8629379
679,0.8628571
680,0.8628436
681,0.8634372
682,0.8625495
683,0.8630555
684,0.8631086
685,0.8626461
686,0.8634317
687,0.8626499
688,0.8628167
689,0.8630392
690,0.8630862
691,0.8626761
692,0.8633538
693,0.8632639
694,0.8626368
695,0.8631187
696,0.8632578
697,0.8630358
698,0.8634559
699,0.8634462
700,0.8627333
701,0.8633079
702,0.8631207
703,0.8630325
704,0.8632476
705,0.8632781
706,0.8626196
707,0.863445
708,0.8632121
709,0.8633384
710,0.8637059
711,0.8636425
712,0.8629315
713,0.8634408
714,0.8634064
715,0.8630031
716,0.8634494
717,0.8634035
718,0.8631907
719,0.8632932
720,0.8635035
721,0.8632785
722,0.8638734
723,0.8634935
724,0.8630901
725,0.8634549
726,0.8633658
727,0.8633758
728,0.8638012
729,0.8638451
730,0.8631596
731,0.8637508
732,0.8634772
733,0.8638317
734,0.8637441
735,0.8634638
736,0.8634629
737,0.8640053
738,0.8638469
739,0.8637284
740,0.8639079
741,0.8637657
742,0.8634699
743,0.8637185
744,0.8637433
745,0.8634576
746,0.8639528
747,0.8638911
748,0.86359
749,0.8636764
750,0.8639209
751,0.8636345
752,0.8640971
753,0.8640316
754,0.8635033
755,0.8639286
756,0.8638099
757,0.8637258
758,0.8639935
759,0.8640272
760,0.8635757
761,0.8641415
762,0.8641565
763,0.8641262
764,0.8640882
765,0.8641824
766,0.8636257
767,0.864165
768,0.863935
769,0.8639913
770,0.8642781
771,0.864016
772,0.863965
773,0.864158
774,0.864031
775,0.8639178
776,0.8644834
777,0.8637391
778,0.8641256
779,0.864147
780,0.8639033
781,0.864069
782,0.8645535
783,0.8643031
784,0.8638995
785,0.8641669
786,0.8641397
787,0.8642106
788,0.8645422
789,0.8645874
790,0.8642004
791,0.8646849
792,0.8645149
793,0.8645283
794,0.8645753
795,0.8646246
796,0.8647947
797,0.8650204
798,0.8647944
799,0.8647429
800,0.8647561
801,0.8646149
802,0.8647039
803,0.8647571
804,0.864464
805,0.8641602
806,0.8645897
807,0.8647417
808,0.8644614
809,0.86445
810,0.8644414
811,0.8644096
812,0.8645897
813,0.8645536
814,0.8646225
815,0.8650413
816,0.8648147
817,0.8644251
818,0.8650811
819,0.8648714
820,0.8647279
821,0.8648779
822,0.8648283
823,0.8648314
824,0.8650663
825,0.8648384
826,0.8648158
827,0.8650465
828,0.8649192
829,0.8649841
830,0.8653038
831,0.8649651
832,0.8650029
833,0.8656023
834,0.8654301
835,0.8655414
836,0.8655632
837,0.8651536
838,0.8651632
839,0.86549
840,0.8652481
841,0.8654273
842,0.8657081
843,0.8656852
844,0.8658064
845,0.8654888
846,0.8649241
847,0.8649493
848,0.8652295
849,0.8655031
850,0.8661067
851,0.8658481
852,0.8650986
853,0.8652372
854,0.865353
855,0.8651803
856,0.8653521
857,0.8652397
858,0.865805
859,0.8652146
860,0.8674816
861,0.8711106
862,0.8707824
863,0.870832
864,0.8710834
865,0.8712011
866,0.8710325
867,0.8712325
868,0.8711387
869,0.8709001
870,0.871068
871,0.8710315
872,0.8709391
873,0.8710069
874,0.8710946
875,0.8711102
876,0.8711285
877,0.8710865
878,0.8710683
879,0.871094
880,0.8712269
881,0.8712756
882,0.8712323
883,0.87132
884,0.8715677
885,0.8713742
886,0.8710358
887,0.8712883
888,0.8715142
889,0.8713948
890,0.8713149
891,0.8714521
892,0.8715123
893,0.8714161
894,0.8713906
895,0.8715208
896,0.8718664
897,0.871974
898,0.8716867
899,0.8714974
900,0.8715988
901,0.8718227
902,0.8718094
903,0.8718195
904,0.8717799
905,0.8717231
906,0.8718143
907,0.8717938
908,0.8717874
909,0.8718984
910,0.8719549
911,0.8718675
912,0.8718841
913,0.8718442
914,0.8718499
915,0.871845
916,0.8719503
917,0.8719715
918,0.8719144
919,0.8719443
920,0.8718741
921,0.8718545
922,0.8719624
923,0.8719972
924,0.8718207
925,0.871827
926,0.8720361
927,0.8721053
928,0.8721788
929,0.8721603
930,0.872159
931,0.8721291
932,0.8721696
933,0.8721419
934,0.8721002
935,0.8721619
936,0.8722656
937,0.8722789
938,0.8723774
939,0.8724571
940,0.8723974
941,0.8722704
942,0.8724045
943,0.872496
944,0.8724115
945,0.8724381
946,0.8721916
947,0.8722538
948,0.8722424
949,0.8723855
950,0.8724166
951,0.8724236
952,0.8724441
953,0.8724108
954,0.8724006
955,0.8726253
956,0.8726691
957,0.8726578
958,0.8725713
959,0.872579
960,0.8725348
961,0.872547
962,0.8724264
963,0.8723685
964,0.8723896
965,0.8724587
966,0.8724993
967,0.8727322
968,0.8726689
969,0.8725019
970,0.8724486
971,0.8724549
972,0.8724736
973,0.872614
974,0.8726606
975,0.8728622
976,0.8727016
977,0.8726124
978,0.8724091
979,0.8727214
980,0.8726061
981,0.872533
982,0.8723397
983,0.8725032
984,0.8726215
985,0.8726192
986,0.8727099
987,0.8725412
988,0.8724957
989,0.8726677
990,0.8728808
991,0.872747
992,0.8729877
993,0.8727949
994,0.87269
995,0.8725223
996,0.872636
997,0.8725149
998,0.8726246
999,0.8726794
1000,0.8727585
1001,0.8727592
1002,0.8728961
1003,0.8728117
1004,0.8726429
1005,0.872752
1006,0.8726256
1007,0.8726922
1008,0.8723457
1009,0.8727335
1010,0.8726677
1011,0.8728764
1012,0.8727859
1013,0.8728844
1014,0.8726248
1015,0.8728655
1016,0.8727081
1017,0.8726672
1018,0.8726614
1019,0.8726468
1020,0.8725316
1021,0.8726516
1022,0.8724996
1023,0.872727
1024,0.8727924
1025,0.8726335
1026,0.8728823
1027,0.8727302
1028,0.8731127
1029,0.8729738
1030,0.8728669
1031,0.8729383
1032,0.8726426
1033,0.8727623
1034,0.8726234
1035,0.8728543
1036,0.872874
1037,0.8727784
1038,0.8728527
1039,0.8729478
1040,0.8729333
1041,0.8727587
1042,0.8726439
1043,0.8725515
1044,0.8727014
1045,0.8728564
1046,0.8729871
1047,0.8725454
1048,0.8729449
1049,0.8728202
1050,0.8727229
1051,0.8726111
1052,0.8725948
1053,0.872764
1054,0.8729836
1055,0.872848
1056,0.8729731
1057,0.8729482
1058,0.8727556
1059,0.8728632
1060,0.8726489
1061,0.8727709
1062,0.872706
1063,0.8729564
1064,0.8726181
1065,0.8728081
1066,0.8727551
1067,0.8726282
1068,0.8726903
1069,0.8731034
1070,0.8728406
1071,0.8729934
1072,0.8727416
1073,0.872829
1074,0.8725086
1075,0.8728096
1076,0.8728052
1077,0.8729112
1078,0.8731731
1079,0.8730965
1080,0.8727342
1081,0.8731689
1082,0.8732113
1083,0.8733008
1084,0.8731579
1085,0.8729041
1086,0.873024
1087,0.8729423
1088,0.8730332
1089,0.8728784
1090,0.8729746
1091,0.8729182
1092,0.872999
1093,0.8729172
1094,0.8729797
1095,0.8733614
1096,0.8731288
1097,0.8727651
1098,0.8729742
1099,0.8731203
1100,0.8730369
1101,0.8730891
1102,0.8730626
1103,0.8731185
1104,0.8732353
1105,0.8730657
1106,0.8732349
1107,0.8730959
1108,0.8732479
1109,0.8729167
1110,0.8732083
1111,0.8731158
1112,0.8733731
1113,0.873246
1114,0.8732855
1115,0.8732874
1116,0.8734564
1117,0.8733856
1118,0.8730146
1119,0.8731693
1120,0.8731381
1121,0.8733839
1122,0.8731402
1123,0.8734127
1124,0.8732396
1125,0.873238
1126,0.8733817
1127,0.8733393
1128,0.8735194
1129,0.8734219
1130,0.8736165
1131,0.8732808
1132,0.8733686
1133,0.8732359
1134,0.8735174
1135,0.8731404
1136,0.873393
1137,0.8734703
1138,0.8734726
1139,0.8734584
1140,0.8735575
1141,0.8734544
1142,0.873241
1143,0.8732835
1144,0.8734401
1145,0.8736943
1146,0.8735709
1147,0.8736364
1148,0.8735732
1149,0.8734162
1150,0.8735238
1151,0.8733822
1152,0.8734856
1153,0.8733842
1154,0.8737067
1155,0.8736257
1156,0.8735603
1157,0.8734981
1158,0.8735127
1159,0.8736608
1160,0.8736913
1161,0.8735642
1162,0.8734857
1163,0.8735346
1164,0.8735703
1165,0.8738016
1166,0.8737539
1167,0.8736997
1168,0.8736811
1169,0.8736938
1170,0.8737283
1171,0.873571
1172,0.8735167
1173,0.8734928
1174,0.8735385
1175,0.8738148
1176,0.8738383
1177,0.8738015
1178,0.8738887
1179,0.8738541
1180,0.8738761
1181,0.8736791
1182,0.873604
1183,0.8737546
1184,0.8738002
1185,0.8737255
1186,0.873804
1187,0.8737522
1188,0.8737326
1189,0.8738438
1190,0.8738639
1191,0.8740837
1192,0.8741927
1193,0.8741687
1194,0.8742725
1195,0.8742506
1196,0.8743711
1197,0.8739869
1198,0.8739894
1199,0.8739481
1200,0.8741014
1201,0.8739418
1202,0.8741032
1203,0.8741367
1204,0.8739622
1205,0.8738874
1206,0.873993
1207,0.8741979
1208,0.874046
1209,0.8741403
1210,0.8740888
1211,0.8741832
1212,0.8741164
1213,0.8740811
1214,0.8739942
1215,0.874163
1216,0.8742983
1217,0.8744021
1218,0.8743938
1219,0.8741976
1220,0.8742845
1221,0.8741711
1222,0.874189
1223,0.8742079
1224,0.8743108
1225,0.8743393
1226,0.8743522
1227,0.8744002
1228,0.8743096
1229,0.8744228
1230,0.8744035
1231,0.8743309
1232,0.874373
1233,0.8744902
1234,0.8744331
1235,0.874248
1236,0.8741193
1237,0.8742011
1238,0.8742213
1239,0.8742205
1240,0.8742189
1241,0.8742734
1242,0.8744526
1243,0.8744864
1244,0.8744948
1245,0.8745262
1246,0.8746441
1247,0.8747312
1248,0.8747148
1249,0.8745376
1250,0.8744339
1251,0.8745594
1252,0.8745257
1253,0.8744754
1254,0.8744029
1255,0.8745306
1256,0.8747501
1257,0.8747723
1258,0.8747683
1259,0.8746138
1260,0.8745128
1261,0.874538
1262,0.874557
1263,0.8745707
1264,0.8745773
1265,0.8746523
1266,0.8746795
1267,0.8746203
1268,0.8745204
1269,0.8746095
1270,0.8746752
1271,0.8747829
1272,0.8748128
1273,0.8747339
1274,0.8746376
1275,0.8746462
1276,0.8747497
1277,0.8747581
1278,0.8747773
1279,0.8747281
1280,0.8748828
1281,0.8750131
1282,0.8750253
1283,0.8750159
1284,0.8750777
1285,0.874999
1286,0.8748376
1287,0.8748743
1288,0.8749432
1289,0.8749026
1290,0.8748146
1291,0.8747395
1292,0.8747053
1293,0.874754
1294,0.8747152
1295,0.8748654
1296,0.8749149
1297,0.8749051
1298,0.8750799
1299,0.8749276
1300,0.8748304
1301,0.8749848
1302,0.8748818
1303,0.8747608
1304,0.874724
1305,0.8746122
1306,0.8746015
1307,0.8746319
1308,0.8747893
1309,0.8746978
1310,0.8746841
1311,0.8746783
1312,0.8746592
1313,0.8748064
1314,0.8747747
1315,0.8747674
1316,0.8749061
1317,0.8747977
1318,0.8748834
1319,0.874914
1320,0.8750084
1321,0.8749992
1322,0.8748566
1323,0.8749082
1324,0.8749171
1325,0.8748509
1326,0.8748058
1327,0.874842
1328,0.8748144
1329,0.8749721
1330,0.8750853
1331,0.87518
1332,0.8750525
1333,0.8750468
1334,0.8750935
1335,0.8747756
1336,0.8746474
1337,0.8748653
1338,0.8750279
1339,0.8750777
1340,0.8750564
1341,0.874832
1342,0.8750375
1343,0.8750281
1344,0.8750143
1345,0.8749715
1346,0.8749679
1347,0.8750325
1348,0.8751285
1349,0.8754795
1350,0.8751708
1351,0.8748501
1352,0.874855
1353,0.8747293
1354,0.8751183
1355,0.8752586
1356,0.8752293
1357,0.8752849
1358,0.8750917
1359,0.8746791
1360,0.874881
1361,0.8747443
1362,0.8750267
1363,0.875088
1364,0.8750285
1365,0.8746732
1366,0.8748268
1367,0.8749541
1368,0.8749054
1369,0.8745895
1370,0.874702
1371,0.8749021
1372,0.8750841
1373,0.8750288
1374,0.8751611
1375,0.8752913
1376,0.8753842
1377,0.8754932
1378,0.8748563
1379,0.8749634
1380,0.8747581
1381,0.8746236
1382,0.8748027
1383,0.8750284
1384,0.8754679
1385,0.8749486
1386,0.8748879
1387,0.8751084
1388,0.8752811
1389,0.8749022
1390,0.8747616
1391,0.8749814
1392,0.8751352
1393,0.8747457
1394,0.8749164
1395,0.8747728
1396,0.8753056
1397,0.874986
1398,0.8745589
1399,0.8751522
1400,0.8751225
1401,0.8747927
1402,0.8749842
1403,0.8750478
1404,0.8750604
1405,0.875144
1406,0.8750704
1407,0.8749313
1408,0.8750201
1409,0.87523
1410,0.8750135
1411,0.8749783
1412,0.8750044
1413,0.8751754
1414,0.8749857
1415,0.8751689
1416,0.8749009
1417,0.8752085
1418,0.8750497
1419,0.8750122
1420,0.8750258
1421,0.8752569
1422,0.8751424
1423,0.8750788
1424,0.8754717
1425,0.8752715
1426,0.8750237
1427,0.8749934
1428,0.875074
1429,0.8750741
1430,0.8753156
1431,0.8751216
1432,0.8749072
1433,0.874951
1434,0.8752066
1435,0.875045
1436,0.8752269
1437,0.8750187
1438,0.8752396
1439,0.8750973
1440,0.8751906
1441,0.8750936
1442,0.8751793
1443,0.8751618
1444,0.8751743
1445,0.8755111
1446,0.8754655
1447,0.8753386
1448,0.8751985
1449,0.8752265
1450,0.8749993
1451,0.8751481
1452,0.8749746
1453,0.875109
1454,0.8748795
1455,0.8750635
1456,0.8749377
1457,0.8753815
1458,0.8752766
1459,0.8751713
1460,0.8752081
1461,0.8750494
1462,0.874992
1463,0.8753253
1464,0.8753448
1465,0.87524
1466,0.8751799
1467,0.8751292
1468,0.8754063
1469,0.8749614
1470,0.8752177
1471,0.8750272
1472,0.8753796
1473,0.8751015
1474,0.8756018
1475,0.8751512
1476,0.8752657
1477,0.8752199
1478,0.8751887
1479,0.8755395
1480,0.8752328
1481,0.8752903
1482,0.8752771
1483,0.8751437
1484,0.8752348
1485,0.8752842
1486,0.8754087
1487,0.8751445
1488,0.8752675
1489,0.875131
1490,0.87526
1491,0.874949
1492,0.8753103
1493,0.8751482
1494,0.8753271
1495,0.8752599
1496,0.8754077
1497,0.8753232
1498,0.8751997
1499,0.8751035
1500,0.8751796
1501,0.8751288
1502,0.8752189
1503,0.875303
1504,0.8753885
1505,0.8753513
1506,0.8753196
1507,0.8751935
1508,0.874983
1509,0.8752655
1510,0.8751779
1511,0.8748598
1512,0.8750774
1513,0.8752634
1514,0.8752482
1515,0.8752699
1516,0.8752917
1517,0.8753286
1518,0.8753357
1519,0.8752271
1520,0.8751446
1521,0.8751914
1522,0.8751475
1523,0.8753631
1524,0.8752733
1525,0.8749843
1526,0.875231
1527,0.8752163
1528,0.8752352
1529,0.8751373
1530,0.8754302
1531,0.875297
1532,0.8754898
1533,0.8753685
1534,0.8753607
1535,0.8751886
1536,0.8752879
1537,0.8751312
1538,0.8753392
1539,0.8752383
1540,0.8754544
1541,0.8756791
1542,0.8753052
1543,0.8752436
1544,0.8754452
1545,0.8756136
1546,0.8755636
1547,0.8754667
1548,0.8752031
1549,0.8753794
1550,0.8752366
1551,0.8751846
1552,0.8750172
1553,0.8751508
1554,0.8752875
1555,0.8752729
1556,0.8752432
1557,0.8752186
1558,0.8751584
1559,0.8750731
1560,0.8750876
1561,0.8750934
1562,0.8752081
1563,0.8752334
1564,0.8751587
1565,0.8751326
1566,0.8752957
1567,0.8753644
1568,0.8751242
1569,0.8752091
1570,0.8751604
1571,0.8752043
1572,0.8751538
1573,0.8751823
1574,0.8751895
1575,0.8751349
1576,0.8752707
1577,0.8751331
1578,0.8752143
1579,0.8750456
1580,0.8752907
1581,0.87517
1582,0.8752303
1583,0.8750999
1584,0.8751909
1585,0.875257
1586,0.875388
1587,0.8752913
1588,0.8753277
1589,0.8751313
1590,0.8751458
1591,0.8752248
1592,0.8752115
1593,0.8753211
1594,0.8754157
1595,0.8752553
1596,0.8750173
1597,0.8750328
1598,0.8750818
1599,0.8750581
1600,0.8752302
1601,0.875418
1602,0.8754866
1603,0.875436
1604,0.8753642
1605,0.8751932
1606,0.8751514
1607,0.8752317
1608,0.8751801
1609,0.8751363
1610,0.8751454
1611,0.8752075
1612,0.8751875
1613,0.8751239
1614,0.8752722
1615,0.8753715
1616,0.875373
1617,0.8753724
1618,0.8754415
1619,0.8753519
1620,0.8753164
1621,0.8753226
1622,0.8753408
1623,0.8753138
1624,0.8753759
1625,0.8753329
1626,0.8752635
1627,0.8753758
1628,0.8754012
1629,0.8753795
1630,0.8753505
1631,0.8754371
1632,0.87538
1633,0.8753576
1634,0.8753494
1635,0.8754726
1636,0.8754833
1637,0.875556
1638,0.8756121
1639,0.8756318
1640,0.8755175
1641,0.8754267
1642,0.8754318
1643,0.8753702
1644,0.8754082
1645,0.8754761
1646,0.8755357
1647,0.8754305
1648,0.8753313
1649,0.8754036
1650,0.8753893
1651,0.875356
1652,0.8753424
1653,0.8753814
1654,0.8754057
1655,0.8755366
1656,0.8754733
1657,0.8754204
1658,0.8754752
1659,0.875589
1660,0.8757158
1661,0.8757237
1662,0.8756641
1663,0.8755769
1664,0.8755183
1665,0.8754893
1666,0.875488
1667,0.8756163
1668,0.8757244
1669,0.8755673
1670,0.8755837
1671,0.8756203
1672,0.8756428
1673,0.875675
1674,0.8755962
1675,0.8756404
1676,0.8756547
1677,0.875537
1678,0.8755283
1679,0.8756397
1680,0.8757343
1681,0.8756972
1682,0.875628
1683,0.875629
1684,0.8757618
1685,0.8757165
1686,0.8756467
1687,0.8756201
1688,0.8757654
1689,0.8758276
1690,0.8758298
1691,0.8757222
1692,0.8757828
1693,0.8757708
1694,0.8758768
1695,0.8756542
1696,0.8754859
1697,0.8755931
1698,0.8755657
1699,0.8757631
1700,0.8758504
1701,0.875817
1702,0.875744
1703,0.8757186
1704,0.8755786
1705,0.8757555
1706,0.8757392
1707,0.8758489
1708,0.8756338
1709,0.8754843
1710,0.8756336
1711,0.8756499
1712,0.8758331
1713,0.875727
1714,0.875733
1715,0.8756957
1716,0.8757203
1717,0.8756881
1718,0.8757958
1719,0.8756891
1720,0.8755916
1721,0.8756827
1722,0.8757197
1723,0.8758673
1724,0.8757383
1725,0.8759903
1726,0.8758165
1727,0.8759752
1728,0.8758771
1729,0.8758003
1730,0.8758205
1731,0.8759247
1732,0.8758762
1733,0.87592
1734,0.8759188
1735,0.8758153
1736,0.8756304
1737,0.8757238
1738,0.8758333
1739,0.8758794
1740,0.8756954
1741,0.8758955
1742,0.8758461
1743,0.8759576
1744,0.8756893
1745,0.8758704
1746,0.8758008
1747,0.8759561
1748,0.8760221
1749,0.8760297
1750,0.8760163
1751,0.8760566
1752,0.8761239
1753,0.8758934
1754,0.8759149
1755,0.8759348
1756,0.8760973
1757,0.8759084
1758,0.8758343
1759,0.8756067
1760,0.8757173
1761,0.8757274
1762,0.8757191
1763,0.875852
1764,0.8758279
1765,0.8759291
1766,0.876073
1767,0.8759753
1768,0.8758449
1769,0.8757389
1770,0.875971
1771,0.875976
1772,0.8762699
1773,0.8760392
1774,0.8761812
1775,0.8761962
1776,0.8761385
1777,0.8759594
1778,0.8758891
1779,0.8761131
1780,0.8764641
1781,0.8766642
1782,0.8761994
1783,0.8758146
1784,0.8759692
1785,0.8761075
1786,0.8760835
1787,0.8764171
1788,0.8763632
1789,0.8764572
1790,0.8764224
1791,0.8763737
1792,0.8763105
1793,0.8766216
1794,0.8763903
1795,0.8762284
1796,0.87629
1797,0.8762216
1798,0.8763045
1799,0.8761887
1800,0.8765286
1801,0.8764441
1802,0.8765897
1803,0.8763925
1804,0.8764014
1805,0.8763426
1806,0.8767231
1807,0.876393
1808,0.8764876
1809,0.8762254
1810,0.8763172
1811,0.8763955
1812,0.8765405
1813,0.8763725
1814,0.8763848
1815,0.8765135
1816,0.8763966
1817,0.8766538
1818,0.8760024
1819,0.8762688
1820,0.8764726
1821,0.8768199
1822,0.8763895
1823,0.8767455
1824,0.8760445
1825,0.8764431
1826,0.8764337
1827,0.8763693
1828,0.87644
1829,0.8766885
1830,0.8767418
1831,0.8770921
1832,0.8766658
1833,0.8761801
1834,0.8759958
1835,0.8764873
1836,0.8763271
1837,0.8758024
1838,0.8762135
1839,0.8766359
1840,0.8769581
1841,0.876986
1842,0.877188
1843,0.8760139
1844,0.8760656
1845,0.8761923
1846,0.8757522
1847,0.8767153
1848,0.876827
1849,0.876147
1850,0.8767882
1851,0.8764076
1852,0.8765436
1853,0.876712
1854,0.8765593
1855,0.8764771
1856,0.8762712
1857,0.8764434
1858,0.876654
1859,0.8766057
1860,0.8768722
1861,0.8769007
1862,0.8768216
1863,0.8765419
1864,0.8766218
1865,0.8765363
1866,0.8764361
1867,0.8761638
1868,0.8759599
1869,0.8765127
1870,0.8762938
1871,0.8766224
1872,0.8765715
1873,0.8766061
1874,0.8763454
1875,0.8767273
1876,0.8767895
1877,0.8770753
1878,0.8768542
1879,0.876822
1880,0.8765865
1881,0.8769797
1882,0.8767965
1883,0.8770956
1884,0.8771568
1885,0.8772062
1886,0.8771154
1887,0.8766584
1888,0.8764636
1889,0.8764641
1890,0.8766691
1891,0.8769917
1892,0.8769299
1893,0.8772211
1894,0.8769482
1895,0.876964
1896,0.8765109
1897,0.8767133
1898,0.8766482
1899,0.8771104
1900,0.8769093
1901,0.8767146
1902,0.8768
1903,0.8771688
1904,0.8771085
1905,0.8772126
1906,0.8771084
1907,0.8769874
1908,0.87688
1909,0.8768689
1910,0.8771433
1911,0.8772381
1912,0.8774957
1913,0.8774518
1914,0.8772595
1915,0.8769676
1916,0.8769304
1917,0.8771153
1918,0.8771238
1919,0.8770494
1920,0.8769464
1921,0.8771944
1922,0.8769253
1923,0.8770465
1924,0.8769735
1925,0.8769581
1926,0.876973
1927,0.8772228
1928,0.8776652
1929,0.8774453
1930,0.8775504
1931,0.8775692
1932,0.8773158
1933,0.8775442
1934,0.8775457
1935,0.8775069
1936,0.8773812
1937,0.8773327
1938,0.8775314
1939,0.8777583
1940,0.8778291
1941,0.8776081
1942,0.8776808
1943,0.8775714
1944,0.877287
1945,0.8776406
1946,0.8778059
1947,0.87759
1948,0.8775039
1949,0.8778211
1950,0.8776715
1951,0.8777608
1952,0.8778749
1953,0.8779369
1954,0.8780301
1955,0.8778375
1956,0.8778771
1957,0.878205
1958,0.8780185
1959,0.8780072
1960,0.8780348
1961,0.8778202
1962,0.8780723
1963,0.8782072
1964,0.8781554
1965,0.8784845
1966,0.8782037
1967,0.8781514
1968,0.8782499
1969,0.8781868
1970,0.8780435
1971,0.8781295
1972,0.8783158
1973,0.8783808
1974,0.8784444
1975,0.8784011
1976,0.8784637
1977,0.8784024
1978,0.8784015
1979,0.8782807
1980,0.8783668
1981,0.8782994
1982,0.8782557
1983,0.8781005
1984,0.8780969
1985,0.8781004
1986,0.8780641
1987,0.8781523
1988,0.8782704
1989,0.8783694
1990,0.8784891
1991,0.8786175
1992,0.8785818
1993,0.8784558
1994,0.8785001
1995,0.8785253
1996,0.8785177
1997,0.8785056
1998,0.8784678
1999,0.8784876
2000.07,0.8685906
2009.94,0.8716386
2020.1,0.8723872
2029.97,0.8689518
2039.84,0.8674583
2049.98,0.8719531
2059.84,0.8749624
2069.99,0.871698
2079.84,0.8699444
2089.97,0.8715839
2099.82,0.8705905
2109.95,0.8716973
2119.79,0.8744751
2129.91,0.869184
2139.75,0.8678485
2149.86,0.8691792
2159.69,0.8722963
2169.8,0.8700324
2179.62,0.8728302
2189.72,0.8716201
2199.54,0.8750726
2209.63,0.873161
2219.72,0.8804108
2229.53,0.8701236
2239.61,0.8738945
2249.69,0.8731068
2259.49,0.8716278
2269.56,0.8724281
2279.63,0.8737438
2289.42,0.8716511
2299.48,0.8762021
2309.54,0.8761018
2319.59,0.8811508
2329.36,0.8737718
2339.41,0.8759445
2349.45,0.8727067
2359.49,0.8763414
2369.25,0.8742436
2379.28,0.8716305
2389.31,0.8756635
2399.34,0.8747982
2409.36,0.8715555
2419.38,0.8785355
2429.39,0.8762249
2439.4,0.8773682
2449.13,0.8745294
2459.13,0.8703208
2469.13,0.8735584
2479.12,0.8741752
2489.11,0.8787421
2499.1,0.8736659
2509.08,0.8768383
2519.06,0.871898
2529.03,0.8733405
2539.01,0.8765712
2548.97,0.8788031
2558.93,0.8716526
2569.17,0.8795052
2579.12,0.8704731
2589.07,0.8805593
2599.02,0.8762671
2608.96,0.8809194
2618.9,0.8762802
2628.83,0.8707419
2639.04,0.8832855
2648.97,0.8791812
2658.89,0.8827513
2668.8,0.8716549
2678.99,0.8722118
2688.9,0.8801016
2698.81,0.8714811
2708.71,0.8709548
2718.88,0.8717668
2728.77,0.8748845
2738.65,0.8836441
2748.81,0.8778594
2758.69,0.8772519
2768.84,0.8691545
2778.71,0.8805455
2788.57,0.8689927
2798.71,0.8738231
2808.56,0.8728358
2818.69,0.8732026
2828.53,0.8717396
2838.65,0.8738626
2848.49,0.8746877
2858.59,0.8733089
2868.42,0.8778101
2878.52,0.8750245
2888.61,0.8835501
2898.43,0.8762734
2908.51,0.8751131
2918.59,0.8764186
2928.39,0.8787412
2938.46,0.8712102
2948.52,0.8711919
2958.31,0.8721864
2968.36,0.8751079
2978.41,0.8750387
2988.45,0.8798037
2998.22,0.8760936
3008.26,0.8742018
3018.28,0.8727731
3028.31,0.8752657
3038.33,0.8754587
3048.34,0.8743759
3058.35,0.8794773
3068.35,0.8702485
3078.08,0.8785992
3088.08,0.8697264
3098.06,0.8690418
3108.05,0.8714357
3118.02,0.8702131
3128,0.8821848
3138.23,0.8801751
3148.2,0.8783131
3158.15,0.8783897
3168.1,0.8731311
3178.05,0.8787905
3187.99,0.8787876
3197.93,0.8789818
3207.86,0.875719
3218.05,0.8829035
3227.97,0.8848016
3237.89,0.8774261
3247.79,0.8734143
3257.96,0.881878
3267.86,0.8742376
3277.75,0.8816776
3287.91,0.8783559
3297.79,0.879246
3307.93,0.8790896
3317.8,0.8806682
3327.67,0.8810878
3337.79,0.8763051
3347.65,0.8816064
3357.76,0.8794283
3367.6,0.8840171
3377.7,0.8782103
3387.8,0.8802863
3397.62,0.8742916
3407.71,0.8827964
3417.52,0.8757724
3427.59,0.8762319
3437.66,0.8752224
3447.46,0.8750411
3457.51,0.876795
3467.56,0.8794485
3477.6,0.8759905
3487.64,0.8829913
3497.4,0.878099
3507.43,0.8810015
3517.45,0.8788223
3527.46,0.8744891
3537.46,0.8764067
3547.46,0.8759494
3557.46,0.877456
3567.44,0.8730089
3577.42,0.8771058
3587.4,0.8875391
3597.36,0.8810664
3607.33,0.870196
3617.28,0.8769669
3627.23,0.8760223
3637.17,0.8743385
3647.37,0.8825215
3657.3,0.8733585
3667.22,0.8889573
3677.14,0.8767734
3687.31,0.8733658
3697.21,0.876073
3707.11,0.8864138
3717.26,0.8720977
3727.14,0.8721694
3737.02,0.8736195
3747.15,0.8839536
3757.02,0.8673491
3767.13,0.8818542
3776.98,0.8816237
3787.09,0.8734795
3796.92,0.8669058
3807.01,0.8788043
3817.09,0.8670979
3826.91,0.8732652
3836.98,0.8705493
3847.04,0.8831727
3856.83,0.8718027
3866.88,0.875182
3876.92,0.873233
3886.95,0.8758724
3896.72,0.8684576
3906.74,0.8667313
3916.75,0.8659081
3926.75,0.862822
3936.75,0.8664809
3946.74,0.8706484
3956.72,0.8562522
3966.69,0.8692118
3976.66,0.8673434
3986.62,0.8707762
3996.57,0.8732039
4006.77,0.8670508
4016.71,0.8639215
4026.64,0.8555163
4036.56,0.8616087
4046.48,0.8747711
4056.64,0.8560399
4066.54,0.8706434
4076.43,0.8676463
4086.57,0.8686075
4096.44,0.8650714
4106.56,0.8689984
4116.43,0.8698533
4126.53,0.8567126
4136.38,0.8553713
4146.47,0.8438302
4156.3,0.8557612
4166.37,0.8532434
4176.44,0.8567803
4186.25,0.8506604
4196.3,0.8500513
4206.34,0.831321
4216.37,0.832566
4226.4,0.8366707
4236.16,0.8755983
4246.17,0.8569685
4256.17,0.8302097
4266.17,0.8103534
4276.15,0.829717
4286.13,0.8364983
4296.09,0.8527278
4306.05,0.8614536
4316.25,0.8296226
4326.2,0.8227
4336.13,0.8155125
4346.06,0.8135812
4355.97,0.8183648
4366.13,0.8130472
4376.03,0.8082783
4385.92,0.8155183
4396.05,0.8079746
4405.92,0.8065113
4416.03,0.8052761
4425.89,0.8043041
4435.98,0.8005619
4445.82,0.7913104
4455.9,0.7967151
4465.97,0.7883666
4475.78,0.7878689
4485.83,0.7776074
4495.87,0.7702062
4505.9,0.7694172
4515.92,0.7683228
4525.68,0.7723736
4535.69,0.7639281
4545.68,0.7650003
4555.67,0.7660776
4565.64,0.7574842
4575.61,0.7584957
4585.8,0.7443786
4595.75,0.7394727
4605.69,0.7411669
4615.62,0.7363549
4625.53,0.7291082
4635.68,0.7346813
4645.58,0.7184042
4655.47,0.7176752
4665.59,0.7146485
4675.46,0.7119912
4685.56,0.7064099
4695.41,0.6916525
4705.5,0.6902828
4715.57,0.6929816
4725.39,0.6840195
4735.44,0.6817811
4745.48,0.6760093
4755.51,0.6761215
4765.29,0.6642167
4775.3,0.6577422
4785.3,0.6590022
4795.29,0.6523543
4805.27,0.6506922
4815.24,0.6426925
4825.2,0.6415376
4835.38,0.628903
4845.32,0.622032
4855.25,0.6153218
4865.16,0.6157267
4875.31,0.6079642
4885.2,0.6125411
4895.09,0.5974347
4905.2,0.5903227
4915.06,0.5905839
4925.15,0.5830914
4934.99,0.5819533
4945.06,0.5768163
4955.11,0.5815915
4965.16,0.5669143
4974.95,0.5634741
4984.98,0.5500769
4994.99,0.5502847
5004.76,0.5548202
5015.33,0.5475669
5025.15,0.5362793
5034.97,0.5333431
5044.78,0.5251968
5054.6,0.5251205
5065.17,0.513175
5074.98,0.5127181
5084.79,0.502144
5094.6,0.4979107
5105.17,0.493237
5114.98,0.4860018
5124.78,0.4748995
5134.59,0.4791052
5144.4,0.4670001
5154.95,0.4631075
5164.76,0.4635414
5174.56,0.4572376
5184.36,0.4451524
5194.92,0.432102
5204.71,0.4236886
5214.51,0.4322326
5224.31,0.4185002
5234.86,0.4161398
5244.65,0.4006612
5254.45,0.4053642
5264.24,0.3958903
5274.78,0.3939559
5284.57,0.3803068
5294.36,0.3741186
5304.15,0.3616155
5314.69,0.3628134
5324.48,0.353511
5334.26,0.3482883
5344.8,0.3391686
5354.58,0.3267773
5364.36,0.3269254
5374.14,0.3142986
5384.67,0.3201482
5394.45,0.3138816
5404.23,0.3006732
5414,0.2994755
5424.53,0.2947834
5434.3,0.2802865
5444.08,0.2750792
5454.6,0.26989
5464.37,0.2652015
5474.14,0.2620978
5483.9,0.2500303
5494.42,0.2463006
5504.19,0.243493
5513.95,0.2376347
5524.47,0.2277018
5534.23,0.2238324
5543.99,0.2176434
5553.75,0.2198216
5564.26,0.2093058
5574.01,0.2073087
5583.77,0.1980515
5594.28,0.1867818
5604.03,0.1907125
5613.78,0.1899428
5624.28,0.185558
5634.03,0.1754399
5643.78,0.1686754
5654.28,0.1708803
5664.03,0.1691167
5673.77,0.161488
5683.52,0.1567273
5694.01,0.1458667
5703.75,0.1646428
5713.49,0.1392008
5723.98,0.1228631
5733.72,0.127265
5743.45,0.13503
5753.94,0.1311109
5763.67,0.1191096
5773.41,0.1156288
5783.89,0.0992328
5793.62,0.0988056
5803.35,0.1046518
5813.82,0.1150279
5823.55,0.1013581
5833.28,0.087749
5843.75,0.0918289
5853.47,0.0925595
5863.2,0.0798896
5873.66,0.087059
5883.38,0.0936161
5893.85,0.0779252
5903.57,0.0656318
5913.28,0.0656342
5923.75,0.0593966
5933.46,0.0604589
5943.17,0.0550903
5953.63,0.053991
5963.34,0.0613009
5973.05,0.0561007
5983.5,0.045145
5993.21,0.0219062
6003.66,0.0457015
6013.36,0.0342154
6023.06,0.0282981
6033.51,0.0358814
6043.21,0.0411439
6052.91,0.0180594
6063.35,0.0249457
6073.05,0.0105054
6083.49,0.0112322
6093.18,0.0133339
6102.87,0.0036304
6113.31,0.0125843
6123,0.0197655
6133.43,0.0016677
6143.12,0.001246
6152.8,0.0023358
6163.23,0.0210435
6172.91,0.0123912
6183.34,0.0012686
6193.02,0.0001599
6202.7,0.0049881
6213.12,0.0031293
6222.8,0.009748
6233.22,0.0009499
6242.89,0.0068503
6252.56,0.0016083
6262.98,0.0102759
6272.65,0.0022986
6283.06,0.0027847
6292.72,0.0072931
6303.13,0.0045892
6312.8,0.0099299
6322.46,0.0015616
6332.87,0.0052942
6342.53,0.0019058
6352.93,0.0013982
6362.58,0.0034584
6372.98,0.0052355
6382.64,0.0022135
6393.03,0.0014236
6402.69,0.0129419
6412.34,0.0166099
6422.73,0.0033367
6432.38,0.0065279
6442.76,0.0078744
6452.41,0.0044406
6462.8,0.0019629
6472.44,0.0144125
6482.82,0.0025255
6492.46,0.0153804
6502.84,0.0151089
6512.48,0.0044744
6522.11,0.0013314
6532.49,0.0081972
6542.12,0.0015121
6552.49,0.0040941
6562.12,0.0028092
6572.49,0.0001297
6582.12,0.0114349
6592.48,0.0000923
6602.11,0.0134031
6612.47,0.0066077
6622.09,0.0181502
6632.45,0.0006055
6642.07,0.0031142
6652.43,0.0106449
6662.04,0.0011221
6672.4,0.0027373
6682.01,0.0016179
6692.36,0.0006687
6701.97,0.0003849
6712.32,0.0003305
6721.93,0.0067986
6732.27,0.0052148
6741.88,0.0021353
6752.22,0.0042148
6761.82,0.0054243
6772.16,0.0115619
6781.76,0.0018083
6792.09,0.0002193
6801.69,0.0049522
6812.02,0.011157
6821.61,0.0017863
6831.94,0.0016507
6842.27,0.0015742
6851.86,0.0124197
6862.18,0.0043221
6871.77,0.0066454
6882.09,0.0087154
6891.67,0.0013254
6901.99,0.0086343
6911.57,0.0058709
6921.88,0.0024192
6931.46,0.0017861
6941.77,0.0039197
6952.08,0.008562
6961.65,0.0009084
6971.96,0.0082841
6981.53,0.0027299
6991.83,0.0016273
7001.4,0.0094547
7011.7,0.006333
7022,0.0011526
7031.56,0.0040753
7041.85,0.0105045
7051.41,0.0059478
7061.7,0.0005931
7071.26,0.0072799
7081.55,0.0000915
7091.83,0.0023893
7101.39,0.0067679
7111.67,0.0023671
7121.22,0.004238
7131.5,0.0046132
7141.78,0.0033394
7151.32,0.0040152
7161.6,0.0017709
7171.14,0.0017792
7181.41,0.0030255
7191.68,0.0000897
7201.21,0.00018
7211.48,0.0044853
7221.01,0.0016603
7231.28,0.0057125
7241.54,0.0005284
7251.07,0.00204
7261.33,0.0042816
7270.85,0.0006952
7281.11,0.0001791
7291.36,0.0105815
7300.88,0.0009715
7311.13,0.0031714
7321.38,0.0103567
7330.89,0.0043431
7341.14,0.0011276
7351.38,0.0024913
7360.89,0.0090319
7371.13,0.0095708
7381.37,0.0053346
7390.88,0.001777
7401.11,0.0089843
7411.35,0.0012831
7420.85,0.0058362
7431.08,0.0060038
7440.57,0.0001943
7450.8,0.0005533
7461.03,0.0024744
7470.52,0.0071177
7480.74,0.0033712
7490.96,0.0010997
7501.18,0.0077066
7510.66,0.0008784
7520.88,0.00248
7531.09,0.002541
7540.57,0.0101284
7550.78,0.0018023
7560.99,0.0074476
7570.46,0.0032404
7580.67,0.0066297
7590.87,0.0003189
7600.34,0.0027522
7610.54,0.0042062
7620.73,0.0039412
7630.93,0.0006496
7640.39,0.002939
7650.59,0.0032125
7660.77,0.0062562
7670.23,0.0005031
7680.42,0.0017914
7690.6,0.0025252
7700.79,0.0031628
7710.24,0.0078162
7720.42,0.0017229
7730.6,0.0042913
7740.77,0.0037197
7750.22,0.0009936
7760.39,0.0099169
7770.56,0.0083688
7780.72,0.0046542
7790.16,0.0032757
7800.33,0.0015331
7810.49,0.0045199
7820.65,0.0069434
7830.08,0.0015646
7840.24,0.000401
7850.4,0.0017484
7860.55,0.0027142
7869.97,0.0045452
7880.12,0.0012852
7890.27,0.0071089
7900.42,0.0106264
7909.84,0.0020519
7919.98,0.0003143
7930.12,0.0029321
7940.26,0.0013317
7950.39,0.0024884
7959.8,0.002546
7969.94,0.0081714
7980.07,0.001801
7990.19,0.00994
8000.32,0.01332
